city;educacao.ensino_fundamental_incompleto;educacao.ensino_fundamental_completo;educacao.ensino_medio_completo;educacao.ensino_superior_completo;educacao.alfabetizados;educacao.analfabetos
Água Branca (AL);32,63%;13,03%;33,49%;20,85%;92%;26.939
Anadia (AL);32,63%;13,03%;33,49%;20,85%;92%;26.939
Arapiraca (AL);32,63%;13,03%;33,49%;20,85%;92%;26.939
Atalaia (AL);32,63%;13,03%;33,49%;20,85%;92%;26.939
Barra de Santo Antônio (AL);32,63%;13,03%;33,49%;20,85%;92%;26.939
Barra de São Miguel (AL);32,63%;13,03%;33,49%;20,85%;92%;26.939
Batalha (AL);32,63%;13,03%;33,49%;20,85%;92%;26.939
Belém (AL);32,63%;13,03%;33,49%;20,85%;92%;26.939
Belo Monte (AL);32,63%;13,03%;33,49%;20,85%;92%;26.939
Boca da Mata (AL);32,63%;13,03%;33,49%;20,85%;92%;26.939
Branquinha (AL);32,63%;13,03%;33,49%;20,85%;92%;26.939
Cacimbinhas (AL);32,63%;13,03%;33,49%;20,85%;92%;26.939
Cajueiro (AL);32,63%;13,03%;33,49%;20,85%;92%;26.939
Campestre (AL);32,63%;13,03%;33,49%;20,85%;92%;26.939
Campo Alegre (AL);32,63%;13,03%;33,49%;20,85%;92%;26.939
Campo Grande (AL);32,63%;13,03%;33,49%;20,85%;92%;26.939
Canapi (AL);32,63%;13,03%;33,49%;20,85%;92%;26.939
Capela (AL);32,63%;13,03%;33,49%;20,85%;92%;26.939
Carneiros (AL);32,63%;13,03%;33,49%;20,85%;92%;26.939
Chã Preta (AL);32,63%;13,03%;33,49%;20,85%;92%;26.939
Coité do Nóia (AL);32,63%;13,03%;33,49%;20,85%;92%;26.939
Colônia Leopoldina (AL);32,63%;13,03%;33,49%;20,85%;92%;26.939
Coqueiro Seco (AL);32,63%;13,03%;33,49%;20,85%;92%;26.939
Coruripe (AL);32,63%;13,03%;33,49%;20,85%;92%;26.939
Craíbas (AL);32,63%;13,03%;33,49%;20,85%;92%;26.939
Delmiro Gouveia (AL);32,63%;13,03%;33,49%;20,85%;92%;26.939
Dois Riachos (AL);32,63%;13,03%;33,49%;20,85%;92%;26.939
Estrela de Alagoas (AL);32,63%;13,03%;33,49%;20,85%;92%;26.939
Feira Grande (AL);32,63%;13,03%;33,49%;20,85%;92%;26.939
Feliz Deserto (AL);32,63%;13,03%;33,49%;20,85%;92%;26.939
Flexeiras (AL);32,63%;13,03%;33,49%;20,85%;92%;26.939
Girau do Ponciano (AL);32,63%;13,03%;33,49%;20,85%;92%;26.939
Ibateguara (AL);32,63%;13,03%;33,49%;20,85%;92%;26.939
Igaci (AL);32,63%;13,03%;33,49%;20,85%;92%;26.939
Igreja Nova (AL);32,63%;13,03%;33,49%;20,85%;92%;26.939
Inhapi (AL);32,63%;13,03%;33,49%;20,85%;92%;26.939
Jacaré dos Homens (AL);32,63%;13,03%;33,49%;20,85%;92%;26.939
Jacuípe (AL);32,63%;13,03%;33,49%;20,85%;92%;26.939
Japaratinga (AL);32,63%;13,03%;33,49%;20,85%;92%;26.939
Jaramataia (AL);32,63%;13,03%;33,49%;20,85%;92%;26.939
Jequiá da Praia (AL);32,63%;13,03%;33,49%;20,85%;92%;26.939
Joaquim Gomes (AL);32,63%;13,03%;33,49%;20,85%;92%;26.939
Jundiá (AL);32,63%;13,03%;33,49%;20,85%;92%;26.939
Junqueiro (AL);32,63%;13,03%;33,49%;20,85%;92%;26.939
Lagoa da Canoa (AL);32,63%;13,03%;33,49%;20,85%;92%;26.939
Limoeiro de Anadia (AL);32,63%;13,03%;33,49%;20,85%;92%;26.939
Maceió (AL);32,63%;13,03%;33,49%;20,85%;92%;26.939
Major Isidoro (AL);32,63%;13,03%;33,49%;20,85%;92%;26.939
Maragogi (AL);32,63%;13,03%;33,49%;20,85%;92%;26.939
Maravilha (AL);32,63%;13,03%;33,49%;20,85%;92%;26.939
Marechal Deodoro (AL);32,63%;13,03%;33,49%;20,85%;92%;26.939
Maribondo (AL);32,63%;13,03%;33,49%;20,85%;92%;26.939
Mar Vermelho (AL);32,63%;13,03%;33,49%;20,85%;92%;26.939
Mata Grande (AL);32,63%;13,03%;33,49%;20,85%;92%;26.939
Matriz de Camaragibe (AL);32,63%;13,03%;33,49%;20,85%;92%;26.939
Messias (AL);32,63%;13,03%;33,49%;20,85%;92%;26.939
Minador do Negrão (AL);32,63%;13,03%;33,49%;20,85%;92%;26.939
Monteirópolis (AL);32,63%;13,03%;33,49%;20,85%;92%;26.939
Murici (AL);32,63%;13,03%;33,49%;20,85%;92%;26.939
Novo Lino (AL);32,63%;13,03%;33,49%;20,85%;92%;26.939
Olho d'Água das Flores (AL);32,63%;13,03%;33,49%;20,85%;92%;26.939
Olho d'Água do Casado (AL);32,63%;13,03%;33,49%;20,85%;92%;26.939
Olho d'Água Grande (AL);32,63%;13,03%;33,49%;20,85%;92%;26.939
Olivença (AL);32,63%;13,03%;33,49%;20,85%;92%;26.939
Ouro Branco (AL);32,63%;13,03%;33,49%;20,85%;92%;26.939
Palestina (AL);32,63%;13,03%;33,49%;20,85%;92%;26.939
Palmeira dos Índios (AL);32,63%;13,03%;33,49%;20,85%;92%;26.939
Pão de Açúcar (AL);32,63%;13,03%;33,49%;20,85%;92%;26.939
Pariconha (AL);32,63%;13,03%;33,49%;20,85%;92%;26.939
Paripueira (AL);32,63%;13,03%;33,49%;20,85%;92%;26.939
Passo de Camaragibe (AL);32,63%;13,03%;33,49%;20,85%;92%;26.939
Paulo Jacinto (AL);32,63%;13,03%;33,49%;20,85%;92%;26.939
Penedo (AL);32,63%;13,03%;33,49%;20,85%;92%;26.939
Piaçabuçu (AL);32,63%;13,03%;33,49%;20,85%;92%;26.939
Pilar (AL);32,63%;13,03%;33,49%;20,85%;92%;26.939
Pindoba (AL);32,63%;13,03%;33,49%;20,85%;92%;26.939
Piranhas (AL);32,63%;13,03%;33,49%;20,85%;92%;26.939
Poço das Trincheiras (AL);32,63%;13,03%;33,49%;20,85%;92%;26.939
Porto Calvo (AL);32,63%;13,03%;33,49%;20,85%;92%;26.939
Porto de Pedras (AL);32,63%;13,03%;33,49%;20,85%;92%;26.939
Porto Real do Colégio (AL);32,63%;13,03%;33,49%;20,85%;92%;26.939
Quebrangulo (AL);32,63%;13,03%;33,49%;20,85%;92%;26.939
Rio Largo (AL);32,63%;13,03%;33,49%;20,85%;92%;26.939
Roteiro (AL);32,63%;13,03%;33,49%;20,85%;92%;26.939
Santa Luzia do Norte (AL);32,63%;13,03%;33,49%;20,85%;92%;26.939
Santana do Ipanema (AL);32,63%;13,03%;33,49%;20,85%;92%;26.939
Santana do Mundaú (AL);32,63%;13,03%;33,49%;20,85%;92%;26.939
São Brás (AL);32,63%;13,03%;33,49%;20,85%;92%;26.939
São José da Laje (AL);32,63%;13,03%;33,49%;20,85%;92%;26.939
São José da Tapera (AL);32,63%;13,03%;33,49%;20,85%;92%;26.939
São Luís do Quitunde (AL);32,63%;13,03%;33,49%;20,85%;92%;26.939
São Miguel dos Campos (AL);32,63%;13,03%;33,49%;20,85%;92%;26.939
São Miguel dos Milagres (AL);32,63%;13,03%;33,49%;20,85%;92%;26.939
São Sebastião (AL);32,63%;13,03%;33,49%;20,85%;92%;26.939
Satuba (AL);32,63%;13,03%;33,49%;20,85%;92%;26.939
Senador Rui Palmeira (AL);32,63%;13,03%;33,49%;20,85%;92%;26.939
Tanque d'Arca (AL);32,63%;13,03%;33,49%;20,85%;92%;26.939
Taquarana (AL);32,63%;13,03%;33,49%;20,85%;92%;26.939
Teotônio Vilela (AL);32,63%;13,03%;33,49%;20,85%;92%;26.939
Traipu (AL);32,63%;13,03%;33,49%;20,85%;92%;26.939
União dos Palmares (AL);32,63%;13,03%;33,49%;20,85%;92%;26.939
Viçosa (AL);32,63%;13,03%;33,49%;20,85%;92%;26.939
Abaíra (BA);32,63%;13,03%;33,49%;20,85%;92%;26.939
Abaré (BA);32,63%;13,03%;33,49%;20,85%;92%;26.939
Acajutiba (BA);32,63%;13,03%;33,49%;20,85%;92%;26.939
Adustina (BA);32,63%;13,03%;33,49%;20,85%;92%;26.939
Água Fria (BA);32,63%;13,03%;33,49%;20,85%;92%;26.939
Érico Cardoso (BA);32,63%;13,03%;33,49%;20,85%;92%;26.939
Aiquara (BA);32,63%;13,03%;33,49%;20,85%;92%;26.939
Alagoinhas (BA);32,63%;13,03%;33,49%;20,85%;92%;26.939
Alcobaça (BA);32,63%;13,03%;33,49%;20,85%;92%;26.939
Almadina (BA);32,63%;13,03%;33,49%;20,85%;92%;26.939
Amargosa (BA);32,63%;13,03%;33,49%;20,85%;92%;26.939
Amélia Rodrigues (BA);32,63%;13,03%;33,49%;20,85%;92%;26.939
América Dourada (BA);32,63%;13,03%;33,49%;20,85%;92%;26.939
Anagé (BA);32,63%;13,03%;33,49%;20,85%;92%;26.939
Andaraí (BA);32,63%;13,03%;33,49%;20,85%;92%;26.939
Andorinha (BA);32,63%;13,03%;33,49%;20,85%;92%;26.939
Angical (BA);32,63%;13,03%;33,49%;20,85%;92%;26.939
Anguera (BA);32,63%;13,03%;33,49%;20,85%;92%;26.939
Antas (BA);32,63%;13,03%;33,49%;20,85%;92%;26.939
Antônio Cardoso (BA);32,63%;13,03%;33,49%;20,85%;92%;26.939
Antônio Gonçalves (BA);32,63%;13,03%;33,49%;20,85%;92%;26.939
Aporá (BA);32,63%;13,03%;33,49%;20,85%;92%;26.939
Apuarema (BA);32,63%;13,03%;33,49%;20,85%;92%;26.939
Aracatu (BA);32,63%;13,03%;33,49%;20,85%;92%;26.939
Araçás (BA);32,63%;13,03%;33,49%;20,85%;92%;26.939
Araci (BA);32,63%;13,03%;33,49%;20,85%;92%;26.939
Aramari (BA);32,63%;13,03%;33,49%;20,85%;92%;26.939
Arataca (BA);32,63%;13,03%;33,49%;20,85%;92%;26.939
Aratuípe (BA);32,63%;13,03%;33,49%;20,85%;92%;26.939
Aurelino Leal (BA);32,63%;13,03%;33,49%;20,85%;92%;26.939
Baianópolis (BA);32,63%;13,03%;33,49%;20,85%;92%;26.939
Baixa Grande (BA);32,63%;13,03%;33,49%;20,85%;92%;26.939
Banzaê (BA);32,63%;13,03%;33,49%;20,85%;92%;26.939
Barra (BA);32,63%;13,03%;33,49%;20,85%;92%;26.939
Barra da Estiva (BA);32,63%;13,03%;33,49%;20,85%;92%;26.939
Barra do Choça (BA);32,63%;13,03%;33,49%;20,85%;92%;26.939
Barra do Mendes (BA);32,63%;13,03%;33,49%;20,85%;92%;26.939
Barra do Rocha (BA);32,63%;13,03%;33,49%;20,85%;92%;26.939
Barreiras (BA);32,63%;13,03%;33,49%;20,85%;92%;26.939
Barro Alto (BA);32,63%;13,03%;33,49%;20,85%;92%;26.939
Barrocas (BA);32,63%;13,03%;33,49%;20,85%;92%;26.939
Barro Preto (BA);32,63%;13,03%;33,49%;20,85%;92%;26.939
Belmonte (BA);32,63%;13,03%;33,49%;20,85%;92%;26.939
Belo Campo (BA);32,63%;13,03%;33,49%;20,85%;92%;26.939
Biritinga (BA);32,63%;13,03%;33,49%;20,85%;92%;26.939
Boa Nova (BA);32,63%;13,03%;33,49%;20,85%;92%;26.939
Boa Vista do Tupim (BA);32,63%;13,03%;33,49%;20,85%;92%;26.939
Bom Jesus da Lapa (BA);32,63%;13,03%;33,49%;20,85%;92%;26.939
Bom Jesus da Serra (BA);32,63%;13,03%;33,49%;20,85%;92%;26.939
Boninal (BA);32,63%;13,03%;33,49%;20,85%;92%;26.939
Bonito (BA);32,63%;13,03%;33,49%;20,85%;92%;26.939
Boquira (BA);32,63%;13,03%;33,49%;20,85%;92%;26.939
Botuporã (BA);32,63%;13,03%;33,49%;20,85%;92%;26.939
Brejões (BA);32,63%;13,03%;33,49%;20,85%;92%;26.939
Brejolândia (BA);32,63%;13,03%;33,49%;20,85%;92%;26.939
Brotas de Macaúbas (BA);32,63%;13,03%;33,49%;20,85%;92%;26.939
Brumado (BA);32,63%;13,03%;33,49%;20,85%;92%;26.939
Buerarema (BA);32,63%;13,03%;33,49%;20,85%;92%;26.939
Buritirama (BA);32,63%;13,03%;33,49%;20,85%;92%;26.939
Caatiba (BA);32,63%;13,03%;33,49%;20,85%;92%;26.939
Cabaceiras do Paraguaçu (BA);32,63%;13,03%;33,49%;20,85%;92%;26.939
Cachoeira (BA);32,63%;13,03%;33,49%;20,85%;92%;26.939
Caculé (BA);32,63%;13,03%;33,49%;20,85%;92%;26.939
Caém (BA);32,63%;13,03%;33,49%;20,85%;92%;26.939
Caetanos (BA);32,63%;13,03%;33,49%;20,85%;92%;26.939
Caetité (BA);32,63%;13,03%;33,49%;20,85%;92%;26.939
Cafarnaum (BA);32,63%;13,03%;33,49%;20,85%;92%;26.939
Cairu (BA);32,63%;13,03%;33,49%;20,85%;92%;26.939
Caldeirão Grande (BA);32,63%;13,03%;33,49%;20,85%;92%;26.939
Camacan (BA);32,63%;13,03%;33,49%;20,85%;92%;26.939
Camaçari (BA);32,63%;13,03%;33,49%;20,85%;92%;26.939
Camamu (BA);32,63%;13,03%;33,49%;20,85%;92%;26.939
Campo Alegre de Lourdes (BA);32,63%;13,03%;33,49%;20,85%;92%;26.939
Campo Formoso (BA);32,63%;13,03%;33,49%;20,85%;92%;26.939
Canápolis (BA);32,63%;13,03%;33,49%;20,85%;92%;26.939
Canarana (BA);32,63%;13,03%;33,49%;20,85%;92%;26.939
Canavieiras (BA);32,63%;13,03%;33,49%;20,85%;92%;26.939
Candeal (BA);32,63%;13,03%;33,49%;20,85%;92%;26.939
Candeias (BA);32,63%;13,03%;33,49%;20,85%;92%;26.939
Candiba (BA);32,63%;13,03%;33,49%;20,85%;92%;26.939
Cândido Sales (BA);32,63%;13,03%;33,49%;20,85%;92%;26.939
Cansanção (BA);32,63%;13,03%;33,49%;20,85%;92%;26.939
Canudos (BA);32,63%;13,03%;33,49%;20,85%;92%;26.939
Capela do Alto Alegre (BA);32,63%;13,03%;33,49%;20,85%;92%;26.939
Capim Grosso (BA);32,63%;13,03%;33,49%;20,85%;92%;26.939
Caraíbas (BA);32,63%;13,03%;33,49%;20,85%;92%;26.939
Caravelas (BA);32,63%;13,03%;33,49%;20,85%;92%;26.939
Cardeal da Silva (BA);32,63%;13,03%;33,49%;20,85%;92%;26.939
Carinhanha (BA);32,63%;13,03%;33,49%;20,85%;92%;26.939
Casa Nova (BA);32,63%;13,03%;33,49%;20,85%;92%;26.939
Castro Alves (BA);32,63%;13,03%;33,49%;20,85%;92%;26.939
Catolândia (BA);32,63%;13,03%;33,49%;20,85%;92%;26.939
Catu (BA);32,63%;13,03%;33,49%;20,85%;92%;26.939
Caturama (BA);32,63%;13,03%;33,49%;20,85%;92%;26.939
Central (BA);32,63%;13,03%;33,49%;20,85%;92%;26.939
Chorrochó (BA);32,63%;13,03%;33,49%;20,85%;92%;26.939
Cícero Dantas (BA);32,63%;13,03%;33,49%;20,85%;92%;26.939
Cipó (BA);32,63%;13,03%;33,49%;20,85%;92%;26.939
Coaraci (BA);32,63%;13,03%;33,49%;20,85%;92%;26.939
Cocos (BA);32,63%;13,03%;33,49%;20,85%;92%;26.939
Conceição da Feira (BA);32,63%;13,03%;33,49%;20,85%;92%;26.939
Conceição do Almeida (BA);32,63%;13,03%;33,49%;20,85%;92%;26.939
Conceição do Coité (BA);32,63%;13,03%;33,49%;20,85%;92%;26.939
Conceição do Jacuípe (BA);32,63%;13,03%;33,49%;20,85%;92%;26.939
Conde (BA);32,63%;13,03%;33,49%;20,85%;92%;26.939
Condeúba (BA);32,63%;13,03%;33,49%;20,85%;92%;26.939
Contendas do Sincorá (BA);32,63%;13,03%;33,49%;20,85%;92%;26.939
Coração de Maria (BA);32,63%;13,03%;33,49%;20,85%;92%;26.939
Cordeiros (BA);32,63%;13,03%;33,49%;20,85%;92%;26.939
Coribe (BA);32,63%;13,03%;33,49%;20,85%;92%;26.939
Coronel João Sá (BA);32,63%;13,03%;33,49%;20,85%;92%;26.939
Correntina (BA);32,63%;13,03%;33,49%;20,85%;92%;26.939
Cotegipe (BA);32,63%;13,03%;33,49%;20,85%;92%;26.939
Cravolândia (BA);32,63%;13,03%;33,49%;20,85%;92%;26.939
Crisópolis (BA);32,63%;13,03%;33,49%;20,85%;92%;26.939
Cristópolis (BA);32,63%;13,03%;33,49%;20,85%;92%;26.939
Cruz das Almas (BA);32,63%;13,03%;33,49%;20,85%;92%;26.939
Curaçá (BA);32,63%;13,03%;33,49%;20,85%;92%;26.939
Dário Meira (BA);32,63%;13,03%;33,49%;20,85%;92%;26.939
Dias d'Ávila (BA);32,63%;13,03%;33,49%;20,85%;92%;26.939
Dom Basílio (BA);32,63%;13,03%;33,49%;20,85%;92%;26.939
Dom Macedo Costa (BA);32,63%;13,03%;33,49%;20,85%;92%;26.939
Elísio Medrado (BA);32,63%;13,03%;33,49%;20,85%;92%;26.939
Encruzilhada (BA);32,63%;13,03%;33,49%;20,85%;92%;26.939
Entre Rios (BA);32,63%;13,03%;33,49%;20,85%;92%;26.939
Esplanada (BA);32,63%;13,03%;33,49%;20,85%;92%;26.939
Euclides da Cunha (BA);32,63%;13,03%;33,49%;20,85%;92%;26.939
Eunápolis (BA);32,63%;13,03%;33,49%;20,85%;92%;26.939
Fátima (BA);32,63%;13,03%;33,49%;20,85%;92%;26.939
Feira da Mata (BA);32,63%;13,03%;33,49%;20,85%;92%;26.939
Feira de Santana (BA);32,63%;13,03%;33,49%;20,85%;92%;26.939
Filadélfia (BA);32,63%;13,03%;33,49%;20,85%;92%;26.939
Firmino Alves (BA);32,63%;13,03%;33,49%;20,85%;92%;26.939
Floresta Azul (BA);32,63%;13,03%;33,49%;20,85%;92%;26.939
Formosa do Rio Preto (BA);32,63%;13,03%;33,49%;20,85%;92%;26.939
Gandu (BA);32,63%;13,03%;33,49%;20,85%;92%;26.939
Gavião (BA);32,63%;13,03%;33,49%;20,85%;92%;26.939
Gentio do Ouro (BA);32,63%;13,03%;33,49%;20,85%;92%;26.939
Glória (BA);32,63%;13,03%;33,49%;20,85%;92%;26.939
Gongogi (BA);32,63%;13,03%;33,49%;20,85%;92%;26.939
Governador Mangabeira (BA);32,63%;13,03%;33,49%;20,85%;92%;26.939
Guajeru (BA);32,63%;13,03%;33,49%;20,85%;92%;26.939
Guanambi (BA);32,63%;13,03%;33,49%;20,85%;92%;26.939
Guaratinga (BA);32,63%;13,03%;33,49%;20,85%;92%;26.939
Heliópolis (BA);32,63%;13,03%;33,49%;20,85%;92%;26.939
Iaçu (BA);32,63%;13,03%;33,49%;20,85%;92%;26.939
Ibiassucê (BA);32,63%;13,03%;33,49%;20,85%;92%;26.939
Ibicaraí (BA);32,63%;13,03%;33,49%;20,85%;92%;26.939
Ibicoara (BA);32,63%;13,03%;33,49%;20,85%;92%;26.939
Ibicuí (BA);32,63%;13,03%;33,49%;20,85%;92%;26.939
Ibipeba (BA);32,63%;13,03%;33,49%;20,85%;92%;26.939
Ibipitanga (BA);32,63%;13,03%;33,49%;20,85%;92%;26.939
Ibiquera (BA);32,63%;13,03%;33,49%;20,85%;92%;26.939
Ibirapitanga (BA);32,63%;13,03%;33,49%;20,85%;92%;26.939
Ibirapuã (BA);32,63%;13,03%;33,49%;20,85%;92%;26.939
Ibirataia (BA);32,63%;13,03%;33,49%;20,85%;92%;26.939
Ibitiara (BA);32,63%;13,03%;33,49%;20,85%;92%;26.939
Ibititá (BA);32,63%;13,03%;33,49%;20,85%;92%;26.939
Ibotirama (BA);32,63%;13,03%;33,49%;20,85%;92%;26.939
Ichu (BA);32,63%;13,03%;33,49%;20,85%;92%;26.939
Igaporã (BA);32,63%;13,03%;33,49%;20,85%;92%;26.939
Igrapiúna (BA);32,63%;13,03%;33,49%;20,85%;92%;26.939
Iguaí (BA);32,63%;13,03%;33,49%;20,85%;92%;26.939
Ilhéus (BA);32,63%;13,03%;33,49%;20,85%;92%;26.939
Inhambupe (BA);32,63%;13,03%;33,49%;20,85%;92%;26.939
Ipecaetá (BA);32,63%;13,03%;33,49%;20,85%;92%;26.939
Ipiaú (BA);32,63%;13,03%;33,49%;20,85%;92%;26.939
Ipirá (BA);32,63%;13,03%;33,49%;20,85%;92%;26.939
Ipupiara (BA);32,63%;13,03%;33,49%;20,85%;92%;26.939
Irajuba (BA);32,63%;13,03%;33,49%;20,85%;92%;26.939
Iramaia (BA);32,63%;13,03%;33,49%;20,85%;92%;26.939
Iraquara (BA);32,63%;13,03%;33,49%;20,85%;92%;26.939
Irará (BA);32,63%;13,03%;33,49%;20,85%;92%;26.939
Irecê (BA);32,63%;13,03%;33,49%;20,85%;92%;26.939
Itabela (BA);32,63%;13,03%;33,49%;20,85%;92%;26.939
Itaberaba (BA);32,63%;13,03%;33,49%;20,85%;92%;26.939
Itabuna (BA);32,63%;13,03%;33,49%;20,85%;92%;26.939
Itacaré (BA);32,63%;13,03%;33,49%;20,85%;92%;26.939
Itaeté (BA);32,63%;13,03%;33,49%;20,85%;92%;26.939
Itagi (BA);32,63%;13,03%;33,49%;20,85%;92%;26.939
Itagibá (BA);32,63%;13,03%;33,49%;20,85%;92%;26.939
Itagimirim (BA);32,63%;13,03%;33,49%;20,85%;92%;26.939
Itaguaçu da Bahia (BA);32,63%;13,03%;33,49%;20,85%;92%;26.939
Itaju do Colônia (BA);32,63%;13,03%;33,49%;20,85%;92%;26.939
Itajuípe (BA);32,63%;13,03%;33,49%;20,85%;92%;26.939
Itamaraju (BA);32,63%;13,03%;33,49%;20,85%;92%;26.939
Itamari (BA);32,63%;13,03%;33,49%;20,85%;92%;26.939
Itambé (BA);32,63%;13,03%;33,49%;20,85%;92%;26.939
Itanagra (BA);32,63%;13,03%;33,49%;20,85%;92%;26.939
Itanhém (BA);32,63%;13,03%;33,49%;20,85%;92%;26.939
Itaparica (BA);32,63%;13,03%;33,49%;20,85%;92%;26.939
Itapé (BA);32,63%;13,03%;33,49%;20,85%;92%;26.939
Itapebi (BA);32,63%;13,03%;33,49%;20,85%;92%;26.939
Itapetinga (BA);32,63%;13,03%;33,49%;20,85%;92%;26.939
Itapicuru (BA);32,63%;13,03%;33,49%;20,85%;92%;26.939
Itapitanga (BA);32,63%;13,03%;33,49%;20,85%;92%;26.939
Itaquara (BA);32,63%;13,03%;33,49%;20,85%;92%;26.939
Itarantim (BA);32,63%;13,03%;33,49%;20,85%;92%;26.939
Itatim (BA);32,63%;13,03%;33,49%;20,85%;92%;26.939
Itiruçu (BA);32,63%;13,03%;33,49%;20,85%;92%;26.939
Itiúba (BA);32,63%;13,03%;33,49%;20,85%;92%;26.939
Itororó (BA);32,63%;13,03%;33,49%;20,85%;92%;26.939
Ituaçu (BA);32,63%;13,03%;33,49%;20,85%;92%;26.939
Ituberá (BA);32,63%;13,03%;33,49%;20,85%;92%;26.939
Iuiu (BA);32,63%;13,03%;33,49%;20,85%;92%;26.939
Jaborandi (BA);32,63%;13,03%;33,49%;20,85%;92%;26.939
Jacaraci (BA);32,63%;13,03%;33,49%;20,85%;92%;26.939
Jacobina (BA);32,63%;13,03%;33,49%;20,85%;92%;26.939
Jaguaquara (BA);32,63%;13,03%;33,49%;20,85%;92%;26.939
Jaguarari (BA);32,63%;13,03%;33,49%;20,85%;92%;26.939
Jaguaripe (BA);32,63%;13,03%;33,49%;20,85%;92%;26.939
Jandaíra (BA);32,63%;13,03%;33,49%;20,85%;92%;26.939
Jequié (BA);32,63%;13,03%;33,49%;20,85%;92%;26.939
Jeremoabo (BA);32,63%;13,03%;33,49%;20,85%;92%;26.939
Jiquiriçá (BA);32,63%;13,03%;33,49%;20,85%;92%;26.939
Jitaúna (BA);32,63%;13,03%;33,49%;20,85%;92%;26.939
João Dourado (BA);32,63%;13,03%;33,49%;20,85%;92%;26.939
Juazeiro (BA);32,63%;13,03%;33,49%;20,85%;92%;26.939
Jucuruçu (BA);32,63%;13,03%;33,49%;20,85%;92%;26.939
Jussara (BA);32,63%;13,03%;33,49%;20,85%;92%;26.939
Jussari (BA);32,63%;13,03%;33,49%;20,85%;92%;26.939
Jussiape (BA);32,63%;13,03%;33,49%;20,85%;92%;26.939
Lafaiete Coutinho (BA);32,63%;13,03%;33,49%;20,85%;92%;26.939
Lagoa Real (BA);32,63%;13,03%;33,49%;20,85%;92%;26.939
Laje (BA);32,63%;13,03%;33,49%;20,85%;92%;26.939
Lajedão (BA);32,63%;13,03%;33,49%;20,85%;92%;26.939
Lajedinho (BA);32,63%;13,03%;33,49%;20,85%;92%;26.939
Lajedo do Tabocal (BA);32,63%;13,03%;33,49%;20,85%;92%;26.939
Lamarão (BA);32,63%;13,03%;33,49%;20,85%;92%;26.939
Lapão (BA);32,63%;13,03%;33,49%;20,85%;92%;26.939
Lauro de Freitas (BA);32,63%;13,03%;33,49%;20,85%;92%;26.939
Lençóis (BA);32,63%;13,03%;33,49%;20,85%;92%;26.939
Licínio de Almeida (BA);32,63%;13,03%;33,49%;20,85%;92%;26.939
Livramento de Nossa Senhora (BA);32,63%;13,03%;33,49%;20,85%;92%;26.939
Luís Eduardo Magalhães (BA);32,63%;13,03%;33,49%;20,85%;92%;26.939
Macajuba (BA);32,63%;13,03%;33,49%;20,85%;92%;26.939
Macarani (BA);32,63%;13,03%;33,49%;20,85%;92%;26.939
Macaúbas (BA);32,63%;13,03%;33,49%;20,85%;92%;26.939
Macururé (BA);32,63%;13,03%;33,49%;20,85%;92%;26.939
Madre de Deus (BA);32,63%;13,03%;33,49%;20,85%;92%;26.939
Maetinga (BA);32,63%;13,03%;33,49%;20,85%;92%;26.939
Maiquinique (BA);32,63%;13,03%;33,49%;20,85%;92%;26.939
Mairi (BA);32,63%;13,03%;33,49%;20,85%;92%;26.939
Malhada (BA);32,63%;13,03%;33,49%;20,85%;92%;26.939
Malhada de Pedras (BA);32,63%;13,03%;33,49%;20,85%;92%;26.939
Manoel Vitorino (BA);32,63%;13,03%;33,49%;20,85%;92%;26.939
Mansidão (BA);32,63%;13,03%;33,49%;20,85%;92%;26.939
Maracás (BA);32,63%;13,03%;33,49%;20,85%;92%;26.939
Maragogipe (BA);32,63%;13,03%;33,49%;20,85%;92%;26.939
Maraú (BA);32,63%;13,03%;33,49%;20,85%;92%;26.939
Marcionílio Souza (BA);32,63%;13,03%;33,49%;20,85%;92%;26.939
Mascote (BA);32,63%;13,03%;33,49%;20,85%;92%;26.939
Mata de São João (BA);32,63%;13,03%;33,49%;20,85%;92%;26.939
Matina (BA);32,63%;13,03%;33,49%;20,85%;92%;26.939
Medeiros Neto (BA);32,63%;13,03%;33,49%;20,85%;92%;26.939
Miguel Calmon (BA);32,63%;13,03%;33,49%;20,85%;92%;26.939
Milagres (BA);32,63%;13,03%;33,49%;20,85%;92%;26.939
Mirangaba (BA);32,63%;13,03%;33,49%;20,85%;92%;26.939
Mirante (BA);32,63%;13,03%;33,49%;20,85%;92%;26.939
Monte Santo (BA);32,63%;13,03%;33,49%;20,85%;92%;26.939
Morpará (BA);32,63%;13,03%;33,49%;20,85%;92%;26.939
Morro do Chapéu (BA);32,63%;13,03%;33,49%;20,85%;92%;26.939
Mortugaba (BA);32,63%;13,03%;33,49%;20,85%;92%;26.939
Mucugê (BA);32,63%;13,03%;33,49%;20,85%;92%;26.939
Mucuri (BA);32,63%;13,03%;33,49%;20,85%;92%;26.939
Mulungu do Morro (BA);32,63%;13,03%;33,49%;20,85%;92%;26.939
Mundo Novo (BA);32,63%;13,03%;33,49%;20,85%;92%;26.939
Muniz Ferreira (BA);32,63%;13,03%;33,49%;20,85%;92%;26.939
Muquém do São Francisco (BA);32,63%;13,03%;33,49%;20,85%;92%;26.939
Muritiba (BA);32,63%;13,03%;33,49%;20,85%;92%;26.939
Mutuípe (BA);32,63%;13,03%;33,49%;20,85%;92%;26.939
Nazaré (BA);32,63%;13,03%;33,49%;20,85%;92%;26.939
Nilo Peçanha (BA);32,63%;13,03%;33,49%;20,85%;92%;26.939
Nordestina (BA);32,63%;13,03%;33,49%;20,85%;92%;26.939
Nova Canaã (BA);32,63%;13,03%;33,49%;20,85%;92%;26.939
Nova Fátima (BA);32,63%;13,03%;33,49%;20,85%;92%;26.939
Nova Ibiá (BA);32,63%;13,03%;33,49%;20,85%;92%;26.939
Nova Itarana (BA);32,63%;13,03%;33,49%;20,85%;92%;26.939
Nova Redenção (BA);32,63%;13,03%;33,49%;20,85%;92%;26.939
Nova Soure (BA);32,63%;13,03%;33,49%;20,85%;92%;26.939
Nova Viçosa (BA);32,63%;13,03%;33,49%;20,85%;92%;26.939
Novo Horizonte (BA);32,63%;13,03%;33,49%;20,85%;92%;26.939
Novo Triunfo (BA);32,63%;13,03%;33,49%;20,85%;92%;26.939
Olindina (BA);32,63%;13,03%;33,49%;20,85%;92%;26.939
Oliveira dos Brejinhos (BA);32,63%;13,03%;33,49%;20,85%;92%;26.939
Ouriçangas (BA);32,63%;13,03%;33,49%;20,85%;92%;26.939
Ourolândia (BA);32,63%;13,03%;33,49%;20,85%;92%;26.939
Palmas de Monte Alto (BA);32,63%;13,03%;33,49%;20,85%;92%;26.939
Palmeiras (BA);32,63%;13,03%;33,49%;20,85%;92%;26.939
Paramirim (BA);32,63%;13,03%;33,49%;20,85%;92%;26.939
Paratinga (BA);32,63%;13,03%;33,49%;20,85%;92%;26.939
Paripiranga (BA);32,63%;13,03%;33,49%;20,85%;92%;26.939
Pau Brasil (BA);32,63%;13,03%;33,49%;20,85%;92%;26.939
Paulo Afonso (BA);32,63%;13,03%;33,49%;20,85%;92%;26.939
Pé de Serra (BA);32,63%;13,03%;33,49%;20,85%;92%;26.939
Pedrão (BA);32,63%;13,03%;33,49%;20,85%;92%;26.939
Pedro Alexandre (BA);32,63%;13,03%;33,49%;20,85%;92%;26.939
Piatã (BA);32,63%;13,03%;33,49%;20,85%;92%;26.939
Pilão Arcado (BA);32,63%;13,03%;33,49%;20,85%;92%;26.939
Pindaí (BA);32,63%;13,03%;33,49%;20,85%;92%;26.939
Pindobaçu (BA);32,63%;13,03%;33,49%;20,85%;92%;26.939
Pintadas (BA);32,63%;13,03%;33,49%;20,85%;92%;26.939
Piraí do Norte (BA);32,63%;13,03%;33,49%;20,85%;92%;26.939
Piripá (BA);32,63%;13,03%;33,49%;20,85%;92%;26.939
Piritiba (BA);32,63%;13,03%;33,49%;20,85%;92%;26.939
Planaltino (BA);32,63%;13,03%;33,49%;20,85%;92%;26.939
Planalto (BA);32,63%;13,03%;33,49%;20,85%;92%;26.939
Poções (BA);32,63%;13,03%;33,49%;20,85%;92%;26.939
Pojuca (BA);32,63%;13,03%;33,49%;20,85%;92%;26.939
Ponto Novo (BA);32,63%;13,03%;33,49%;20,85%;92%;26.939
Porto Seguro (BA);32,63%;13,03%;33,49%;20,85%;92%;26.939
Potiraguá (BA);32,63%;13,03%;33,49%;20,85%;92%;26.939
Prado (BA);32,63%;13,03%;33,49%;20,85%;92%;26.939
Presidente Dutra (BA);32,63%;13,03%;33,49%;20,85%;92%;26.939
Presidente Jânio Quadros (BA);32,63%;13,03%;33,49%;20,85%;92%;26.939
Presidente Tancredo Neves (BA);32,63%;13,03%;33,49%;20,85%;92%;26.939
Queimadas (BA);32,63%;13,03%;33,49%;20,85%;92%;26.939
Quijingue (BA);32,63%;13,03%;33,49%;20,85%;92%;26.939
Quixabeira (BA);32,63%;13,03%;33,49%;20,85%;92%;26.939
Rafael Jambeiro (BA);32,63%;13,03%;33,49%;20,85%;92%;26.939
Remanso (BA);32,63%;13,03%;33,49%;20,85%;92%;26.939
Retirolândia (BA);32,63%;13,03%;33,49%;20,85%;92%;26.939
Riachão das Neves (BA);32,63%;13,03%;33,49%;20,85%;92%;26.939
Riachão do Jacuípe (BA);32,63%;13,03%;33,49%;20,85%;92%;26.939
Riacho de Santana (BA);32,63%;13,03%;33,49%;20,85%;92%;26.939
Ribeira do Amparo (BA);32,63%;13,03%;33,49%;20,85%;92%;26.939
Ribeira do Pombal (BA);32,63%;13,03%;33,49%;20,85%;92%;26.939
Ribeirão do Largo (BA);32,63%;13,03%;33,49%;20,85%;92%;26.939
Rio de Contas (BA);32,63%;13,03%;33,49%;20,85%;92%;26.939
Rio do Antônio (BA);32,63%;13,03%;33,49%;20,85%;92%;26.939
Rio do Pires (BA);32,63%;13,03%;33,49%;20,85%;92%;26.939
Rio Real (BA);32,63%;13,03%;33,49%;20,85%;92%;26.939
Rodelas (BA);32,63%;13,03%;33,49%;20,85%;92%;26.939
Ruy Barbosa (BA);32,63%;13,03%;33,49%;20,85%;92%;26.939
Salinas da Margarida (BA);32,63%;13,03%;33,49%;20,85%;92%;26.939
Salvador (BA);32,63%;13,03%;33,49%;20,85%;92%;26.939
Santa Bárbara (BA);32,63%;13,03%;33,49%;20,85%;92%;26.939
Santa Brígida (BA);32,63%;13,03%;33,49%;20,85%;92%;26.939
Santa Cruz Cabrália (BA);32,63%;13,03%;33,49%;20,85%;92%;26.939
Santa Cruz da Vitória (BA);32,63%;13,03%;33,49%;20,85%;92%;26.939
Santa Inês (BA);32,63%;13,03%;33,49%;20,85%;92%;26.939
Santaluz (BA);32,63%;13,03%;33,49%;20,85%;92%;26.939
Santa Luzia (BA);32,63%;13,03%;33,49%;20,85%;92%;26.939
Santa Maria da Vitória (BA);32,63%;13,03%;33,49%;20,85%;92%;26.939
Santana (BA);32,63%;13,03%;33,49%;20,85%;92%;26.939
Santanópolis (BA);32,63%;13,03%;33,49%;20,85%;92%;26.939
Santa Rita de Cássia (BA);32,63%;13,03%;33,49%;20,85%;92%;26.939
Santa Terezinha (BA);32,63%;13,03%;33,49%;20,85%;92%;26.939
Santo Amaro (BA);32,63%;13,03%;33,49%;20,85%;92%;26.939
Santo Antônio de Jesus (BA);32,63%;13,03%;33,49%;20,85%;92%;26.939
Santo Estêvão (BA);32,63%;13,03%;33,49%;20,85%;92%;26.939
São Desidério (BA);32,63%;13,03%;33,49%;20,85%;92%;26.939
São Domingos (BA);32,63%;13,03%;33,49%;20,85%;92%;26.939
São Félix (BA);32,63%;13,03%;33,49%;20,85%;92%;26.939
São Félix do Coribe (BA);32,63%;13,03%;33,49%;20,85%;92%;26.939
São Felipe (BA);32,63%;13,03%;33,49%;20,85%;92%;26.939
São Francisco do Conde (BA);32,63%;13,03%;33,49%;20,85%;92%;26.939
São Gabriel (BA);32,63%;13,03%;33,49%;20,85%;92%;26.939
São Gonçalo dos Campos (BA);32,63%;13,03%;33,49%;20,85%;92%;26.939
São José da Vitória (BA);32,63%;13,03%;33,49%;20,85%;92%;26.939
São José do Jacuípe (BA);32,63%;13,03%;33,49%;20,85%;92%;26.939
São Miguel das Matas (BA);32,63%;13,03%;33,49%;20,85%;92%;26.939
São Sebastião do Passé (BA);32,63%;13,03%;33,49%;20,85%;92%;26.939
Sapeaçu (BA);32,63%;13,03%;33,49%;20,85%;92%;26.939
Sátiro Dias (BA);32,63%;13,03%;33,49%;20,85%;92%;26.939
Saubara (BA);32,63%;13,03%;33,49%;20,85%;92%;26.939
Saúde (BA);32,63%;13,03%;33,49%;20,85%;92%;26.939
Seabra (BA);32,63%;13,03%;33,49%;20,85%;92%;26.939
Sebastião Laranjeiras (BA);32,63%;13,03%;33,49%;20,85%;92%;26.939
Senhor do Bonfim (BA);32,63%;13,03%;33,49%;20,85%;92%;26.939
Serra do Ramalho (BA);32,63%;13,03%;33,49%;20,85%;92%;26.939
Sento Sé (BA);32,63%;13,03%;33,49%;20,85%;92%;26.939
Serra Dourada (BA);32,63%;13,03%;33,49%;20,85%;92%;26.939
Serra Preta (BA);32,63%;13,03%;33,49%;20,85%;92%;26.939
Serrinha (BA);32,63%;13,03%;33,49%;20,85%;92%;26.939
Serrolândia (BA);32,63%;13,03%;33,49%;20,85%;92%;26.939
Simões Filho (BA);32,63%;13,03%;33,49%;20,85%;92%;26.939
Sítio do Mato (BA);32,63%;13,03%;33,49%;20,85%;92%;26.939
Sítio do Quinto (BA);32,63%;13,03%;33,49%;20,85%;92%;26.939
Sobradinho (BA);32,63%;13,03%;33,49%;20,85%;92%;26.939
Souto Soares (BA);32,63%;13,03%;33,49%;20,85%;92%;26.939
Tabocas do Brejo Velho (BA);32,63%;13,03%;33,49%;20,85%;92%;26.939
Tanhaçu (BA);32,63%;13,03%;33,49%;20,85%;92%;26.939
Tanque Novo (BA);32,63%;13,03%;33,49%;20,85%;92%;26.939
Tanquinho (BA);32,63%;13,03%;33,49%;20,85%;92%;26.939
Taperoá (BA);32,63%;13,03%;33,49%;20,85%;92%;26.939
Tapiramutá (BA);32,63%;13,03%;33,49%;20,85%;92%;26.939
Teixeira de Freitas (BA);32,63%;13,03%;33,49%;20,85%;92%;26.939
Teodoro Sampaio (BA);32,63%;13,03%;33,49%;20,85%;92%;26.939
Teofilândia (BA);32,63%;13,03%;33,49%;20,85%;92%;26.939
Teolândia (BA);32,63%;13,03%;33,49%;20,85%;92%;26.939
Terra Nova (BA);32,63%;13,03%;33,49%;20,85%;92%;26.939
Tremedal (BA);32,63%;13,03%;33,49%;20,85%;92%;26.939
Tucano (BA);32,63%;13,03%;33,49%;20,85%;92%;26.939
Uauá (BA);32,63%;13,03%;33,49%;20,85%;92%;26.939
Ubaíra (BA);32,63%;13,03%;33,49%;20,85%;92%;26.939
Ubaitaba (BA);32,63%;13,03%;33,49%;20,85%;92%;26.939
Ubatã (BA);32,63%;13,03%;33,49%;20,85%;92%;26.939
Uibaí (BA);32,63%;13,03%;33,49%;20,85%;92%;26.939
Umburanas (BA);32,63%;13,03%;33,49%;20,85%;92%;26.939
Una (BA);32,63%;13,03%;33,49%;20,85%;92%;26.939
Urandi (BA);32,63%;13,03%;33,49%;20,85%;92%;26.939
Uruçuca (BA);32,63%;13,03%;33,49%;20,85%;92%;26.939
Utinga (BA);32,63%;13,03%;33,49%;20,85%;92%;26.939
Valença (BA);32,63%;13,03%;33,49%;20,85%;92%;26.939
Valente (BA);32,63%;13,03%;33,49%;20,85%;92%;26.939
Várzea da Roça (BA);32,63%;13,03%;33,49%;20,85%;92%;26.939
Várzea do Poço (BA);32,63%;13,03%;33,49%;20,85%;92%;26.939
Várzea Nova (BA);32,63%;13,03%;33,49%;20,85%;92%;26.939
Varzedo (BA);32,63%;13,03%;33,49%;20,85%;92%;26.939
Vera Cruz (BA);32,63%;13,03%;33,49%;20,85%;92%;26.939
Vereda (BA);32,63%;13,03%;33,49%;20,85%;92%;26.939
Vitória da Conquista (BA);32,63%;13,03%;33,49%;20,85%;92%;26.939
Wagner (BA);32,63%;13,03%;33,49%;20,85%;92%;26.939
Wanderley (BA);32,63%;13,03%;33,49%;20,85%;92%;26.939
Wenceslau Guimarães (BA);32,63%;13,03%;33,49%;20,85%;92%;26.939
Xique-Xique (BA);32,63%;13,03%;33,49%;20,85%;92%;26.939
Abaiara (CE);32,63%;13,03%;33,49%;20,85%;92%;26.939
Acarape (CE);32,63%;13,03%;33,49%;20,85%;92%;26.939
Acaraú (CE);32,63%;13,03%;33,49%;20,85%;92%;26.939
Acopiara (CE);32,63%;13,03%;33,49%;20,85%;92%;26.939
Aiuaba (CE);32,63%;13,03%;33,49%;20,85%;92%;26.939
Alcântaras (CE);32,63%;13,03%;33,49%;20,85%;92%;26.939
Altaneira (CE);32,63%;13,03%;33,49%;20,85%;92%;26.939
Alto Santo (CE);32,63%;13,03%;33,49%;20,85%;92%;26.939
Amontada (CE);32,63%;13,03%;33,49%;20,85%;92%;26.939
Antonina do Norte (CE);32,63%;13,03%;33,49%;20,85%;92%;26.939
Apuiarés (CE);32,63%;13,03%;33,49%;20,85%;92%;26.939
Aquiraz (CE);32,63%;13,03%;33,49%;20,85%;92%;26.939
Aracati (CE);32,63%;13,03%;33,49%;20,85%;92%;26.939
Aracoiaba (CE);32,63%;13,03%;33,49%;20,85%;92%;26.939
Ararendá (CE);32,63%;13,03%;33,49%;20,85%;92%;26.939
Araripe (CE);32,63%;13,03%;33,49%;20,85%;92%;26.939
Aratuba (CE);32,63%;13,03%;33,49%;20,85%;92%;26.939
Arneiroz (CE);32,63%;13,03%;33,49%;20,85%;92%;26.939
Assaré (CE);32,63%;13,03%;33,49%;20,85%;92%;26.939
Aurora (CE);32,63%;13,03%;33,49%;20,85%;92%;26.939
Baixio (CE);32,63%;13,03%;33,49%;20,85%;92%;26.939
Banabuiú (CE);32,63%;13,03%;33,49%;20,85%;92%;26.939
Barbalha (CE);32,63%;13,03%;33,49%;20,85%;92%;26.939
Barreira (CE);32,63%;13,03%;33,49%;20,85%;92%;26.939
Barro (CE);32,63%;13,03%;33,49%;20,85%;92%;26.939
Barroquinha (CE);32,63%;13,03%;33,49%;20,85%;92%;26.939
Baturité (CE);32,63%;13,03%;33,49%;20,85%;92%;26.939
Beberibe (CE);32,63%;13,03%;33,49%;20,85%;92%;26.939
Bela Cruz (CE);32,63%;13,03%;33,49%;20,85%;92%;26.939
Boa Viagem (CE);32,63%;13,03%;33,49%;20,85%;92%;26.939
Brejo Santo (CE);32,63%;13,03%;33,49%;20,85%;92%;26.939
Camocim (CE);32,63%;13,03%;33,49%;20,85%;92%;26.939
Campos Sales (CE);32,63%;13,03%;33,49%;20,85%;92%;26.939
Canindé (CE);32,63%;13,03%;33,49%;20,85%;92%;26.939
Capistrano (CE);32,63%;13,03%;33,49%;20,85%;92%;26.939
Caridade (CE);32,63%;13,03%;33,49%;20,85%;92%;26.939
Cariré (CE);32,63%;13,03%;33,49%;20,85%;92%;26.939
Caririaçu (CE);32,63%;13,03%;33,49%;20,85%;92%;26.939
Cariús (CE);32,63%;13,03%;33,49%;20,85%;92%;26.939
Carnaubal (CE);32,63%;13,03%;33,49%;20,85%;92%;26.939
Cascavel (CE);32,63%;13,03%;33,49%;20,85%;92%;26.939
Catarina (CE);32,63%;13,03%;33,49%;20,85%;92%;26.939
Catunda (CE);32,63%;13,03%;33,49%;20,85%;92%;26.939
Caucaia (CE);32,63%;13,03%;33,49%;20,85%;92%;26.939
Cedro (CE);32,63%;13,03%;33,49%;20,85%;92%;26.939
Chaval (CE);32,63%;13,03%;33,49%;20,85%;92%;26.939
Choró (CE);32,63%;13,03%;33,49%;20,85%;92%;26.939
Chorozinho (CE);32,63%;13,03%;33,49%;20,85%;92%;26.939
Coreaú (CE);32,63%;13,03%;33,49%;20,85%;92%;26.939
Crateús (CE);32,63%;13,03%;33,49%;20,85%;92%;26.939
Crato (CE);32,63%;13,03%;33,49%;20,85%;92%;26.939
Croatá (CE);32,63%;13,03%;33,49%;20,85%;92%;26.939
Cruz (CE);32,63%;13,03%;33,49%;20,85%;92%;26.939
Deputado Irapuan Pinheiro (CE);32,63%;13,03%;33,49%;20,85%;92%;26.939
Ererê (CE);32,63%;13,03%;33,49%;20,85%;92%;26.939
Eusébio (CE);32,63%;13,03%;33,49%;20,85%;92%;26.939
Farias Brito (CE);32,63%;13,03%;33,49%;20,85%;92%;26.939
Forquilha (CE);32,63%;13,03%;33,49%;20,85%;92%;26.939
Fortaleza (CE);32,63%;13,03%;33,49%;20,85%;92%;26.939
Fortim (CE);32,63%;13,03%;33,49%;20,85%;92%;26.939
Frecheirinha (CE);32,63%;13,03%;33,49%;20,85%;92%;26.939
General Sampaio (CE);32,63%;13,03%;33,49%;20,85%;92%;26.939
Graça (CE);32,63%;13,03%;33,49%;20,85%;92%;26.939
Granja (CE);32,63%;13,03%;33,49%;20,85%;92%;26.939
Granjeiro (CE);32,63%;13,03%;33,49%;20,85%;92%;26.939
Groaíras (CE);32,63%;13,03%;33,49%;20,85%;92%;26.939
Guaiúba (CE);32,63%;13,03%;33,49%;20,85%;92%;26.939
Guaraciaba do Norte (CE);32,63%;13,03%;33,49%;20,85%;92%;26.939
Guaramiranga (CE);32,63%;13,03%;33,49%;20,85%;92%;26.939
Hidrolândia (CE);32,63%;13,03%;33,49%;20,85%;92%;26.939
Horizonte (CE);32,63%;13,03%;33,49%;20,85%;92%;26.939
Ibaretama (CE);32,63%;13,03%;33,49%;20,85%;92%;26.939
Ibiapina (CE);32,63%;13,03%;33,49%;20,85%;92%;26.939
Ibicuitinga (CE);32,63%;13,03%;33,49%;20,85%;92%;26.939
Icapuí (CE);32,63%;13,03%;33,49%;20,85%;92%;26.939
Icó (CE);32,63%;13,03%;33,49%;20,85%;92%;26.939
Iguatu (CE);32,63%;13,03%;33,49%;20,85%;92%;26.939
Independência (CE);32,63%;13,03%;33,49%;20,85%;92%;26.939
Ipaporanga (CE);32,63%;13,03%;33,49%;20,85%;92%;26.939
Ipaumirim (CE);32,63%;13,03%;33,49%;20,85%;92%;26.939
Ipu (CE);32,63%;13,03%;33,49%;20,85%;92%;26.939
Ipueiras (CE);32,63%;13,03%;33,49%;20,85%;92%;26.939
Iracema (CE);32,63%;13,03%;33,49%;20,85%;92%;26.939
Irauçuba (CE);32,63%;13,03%;33,49%;20,85%;92%;26.939
Itaiçaba (CE);32,63%;13,03%;33,49%;20,85%;92%;26.939
Itaitinga (CE);32,63%;13,03%;33,49%;20,85%;92%;26.939
Itapajé (CE);32,63%;13,03%;33,49%;20,85%;92%;26.939
Itapipoca (CE);32,63%;13,03%;33,49%;20,85%;92%;26.939
Itapiúna (CE);32,63%;13,03%;33,49%;20,85%;92%;26.939
Itarema (CE);32,63%;13,03%;33,49%;20,85%;92%;26.939
Itatira (CE);32,63%;13,03%;33,49%;20,85%;92%;26.939
Jaguaretama (CE);32,63%;13,03%;33,49%;20,85%;92%;26.939
Jaguaribara (CE);32,63%;13,03%;33,49%;20,85%;92%;26.939
Jaguaribe (CE);32,63%;13,03%;33,49%;20,85%;92%;26.939
Jaguaruana (CE);32,63%;13,03%;33,49%;20,85%;92%;26.939
Jardim (CE);32,63%;13,03%;33,49%;20,85%;92%;26.939
Jati (CE);32,63%;13,03%;33,49%;20,85%;92%;26.939
Jijoca de Jericoacoara (CE);32,63%;13,03%;33,49%;20,85%;92%;26.939
Juazeiro do Norte (CE);32,63%;13,03%;33,49%;20,85%;92%;26.939
Jucás (CE);32,63%;13,03%;33,49%;20,85%;92%;26.939
Lavras da Mangabeira (CE);32,63%;13,03%;33,49%;20,85%;92%;26.939
Limoeiro do Norte (CE);32,63%;13,03%;33,49%;20,85%;92%;26.939
Madalena (CE);32,63%;13,03%;33,49%;20,85%;92%;26.939
Maracanaú (CE);32,63%;13,03%;33,49%;20,85%;92%;26.939
Maranguape (CE);32,63%;13,03%;33,49%;20,85%;92%;26.939
Marco (CE);32,63%;13,03%;33,49%;20,85%;92%;26.939
Martinópole (CE);32,63%;13,03%;33,49%;20,85%;92%;26.939
Massapê (CE);32,63%;13,03%;33,49%;20,85%;92%;26.939
Mauriti (CE);32,63%;13,03%;33,49%;20,85%;92%;26.939
Meruoca (CE);32,63%;13,03%;33,49%;20,85%;92%;26.939
Milagres (CE);32,63%;13,03%;33,49%;20,85%;92%;26.939
Milhã (CE);32,63%;13,03%;33,49%;20,85%;92%;26.939
Miraíma (CE);32,63%;13,03%;33,49%;20,85%;92%;26.939
Missão Velha (CE);32,63%;13,03%;33,49%;20,85%;92%;26.939
Mombaça (CE);32,63%;13,03%;33,49%;20,85%;92%;26.939
Monsenhor Tabosa (CE);32,63%;13,03%;33,49%;20,85%;92%;26.939
Morada Nova (CE);32,63%;13,03%;33,49%;20,85%;92%;26.939
Moraújo (CE);32,63%;13,03%;33,49%;20,85%;92%;26.939
Morrinhos (CE);32,63%;13,03%;33,49%;20,85%;92%;26.939
Mucambo (CE);32,63%;13,03%;33,49%;20,85%;92%;26.939
Mulungu (CE);32,63%;13,03%;33,49%;20,85%;92%;26.939
Nova Olinda (CE);32,63%;13,03%;33,49%;20,85%;92%;26.939
Nova Russas (CE);32,63%;13,03%;33,49%;20,85%;92%;26.939
Novo Oriente (CE);32,63%;13,03%;33,49%;20,85%;92%;26.939
Ocara (CE);32,63%;13,03%;33,49%;20,85%;92%;26.939
Orós (CE);32,63%;13,03%;33,49%;20,85%;92%;26.939
Pacajus (CE);32,63%;13,03%;33,49%;20,85%;92%;26.939
Pacatuba (CE);32,63%;13,03%;33,49%;20,85%;92%;26.939
Pacoti (CE);32,63%;13,03%;33,49%;20,85%;92%;26.939
Pacujá (CE);32,63%;13,03%;33,49%;20,85%;92%;26.939
Palhano (CE);32,63%;13,03%;33,49%;20,85%;92%;26.939
Palmácia (CE);32,63%;13,03%;33,49%;20,85%;92%;26.939
Paracuru (CE);32,63%;13,03%;33,49%;20,85%;92%;26.939
Paraipaba (CE);32,63%;13,03%;33,49%;20,85%;92%;26.939
Parambu (CE);32,63%;13,03%;33,49%;20,85%;92%;26.939
Paramoti (CE);32,63%;13,03%;33,49%;20,85%;92%;26.939
Pedra Branca (CE);32,63%;13,03%;33,49%;20,85%;92%;26.939
Penaforte (CE);32,63%;13,03%;33,49%;20,85%;92%;26.939
Pentecoste (CE);32,63%;13,03%;33,49%;20,85%;92%;26.939
Pereiro (CE);32,63%;13,03%;33,49%;20,85%;92%;26.939
Pindoretama (CE);32,63%;13,03%;33,49%;20,85%;92%;26.939
Piquet Carneiro (CE);32,63%;13,03%;33,49%;20,85%;92%;26.939
Pires Ferreira (CE);32,63%;13,03%;33,49%;20,85%;92%;26.939
Poranga (CE);32,63%;13,03%;33,49%;20,85%;92%;26.939
Porteiras (CE);32,63%;13,03%;33,49%;20,85%;92%;26.939
Potengi (CE);32,63%;13,03%;33,49%;20,85%;92%;26.939
Potiretama (CE);32,63%;13,03%;33,49%;20,85%;92%;26.939
Quiterianópolis (CE);32,63%;13,03%;33,49%;20,85%;92%;26.939
Quixadá (CE);32,63%;13,03%;33,49%;20,85%;92%;26.939
Quixelô (CE);32,63%;13,03%;33,49%;20,85%;92%;26.939
Quixeramobim (CE);32,63%;13,03%;33,49%;20,85%;92%;26.939
Quixeré (CE);32,63%;13,03%;33,49%;20,85%;92%;26.939
Redenção (CE);32,63%;13,03%;33,49%;20,85%;92%;26.939
Reriutaba (CE);32,63%;13,03%;33,49%;20,85%;92%;26.939
Russas (CE);32,63%;13,03%;33,49%;20,85%;92%;26.939
Saboeiro (CE);32,63%;13,03%;33,49%;20,85%;92%;26.939
Salitre (CE);32,63%;13,03%;33,49%;20,85%;92%;26.939
Santana do Acaraú (CE);32,63%;13,03%;33,49%;20,85%;92%;26.939
Santana do Cariri (CE);32,63%;13,03%;33,49%;20,85%;92%;26.939
Santa Quitéria (CE);32,63%;13,03%;33,49%;20,85%;92%;26.939
São Benedito (CE);32,63%;13,03%;33,49%;20,85%;92%;26.939
São Gonçalo do Amarante (CE);32,63%;13,03%;33,49%;20,85%;92%;26.939
São João do Jaguaribe (CE);32,63%;13,03%;33,49%;20,85%;92%;26.939
São Luís do Curu (CE);32,63%;13,03%;33,49%;20,85%;92%;26.939
Senador Pompeu (CE);32,63%;13,03%;33,49%;20,85%;92%;26.939
Senador Sá (CE);32,63%;13,03%;33,49%;20,85%;92%;26.939
Sobral (CE);32,63%;13,03%;33,49%;20,85%;92%;26.939
Solonópole (CE);32,63%;13,03%;33,49%;20,85%;92%;26.939
Tabuleiro do Norte (CE);32,63%;13,03%;33,49%;20,85%;92%;26.939
Tamboril (CE);32,63%;13,03%;33,49%;20,85%;92%;26.939
Tarrafas (CE);32,63%;13,03%;33,49%;20,85%;92%;26.939
Tauá (CE);32,63%;13,03%;33,49%;20,85%;92%;26.939
Tejuçuoca (CE);32,63%;13,03%;33,49%;20,85%;92%;26.939
Tianguá (CE);32,63%;13,03%;33,49%;20,85%;92%;26.939
Trairi (CE);32,63%;13,03%;33,49%;20,85%;92%;26.939
Tururu (CE);32,63%;13,03%;33,49%;20,85%;92%;26.939
Ubajara (CE);32,63%;13,03%;33,49%;20,85%;92%;26.939
Umari (CE);32,63%;13,03%;33,49%;20,85%;92%;26.939
Umirim (CE);32,63%;13,03%;33,49%;20,85%;92%;26.939
Uruburetama (CE);32,63%;13,03%;33,49%;20,85%;92%;26.939
Uruoca (CE);32,63%;13,03%;33,49%;20,85%;92%;26.939
Varjota (CE);32,63%;13,03%;33,49%;20,85%;92%;26.939
Várzea Alegre (CE);32,63%;13,03%;33,49%;20,85%;92%;26.939
Viçosa do Ceará (CE);32,63%;13,03%;33,49%;20,85%;92%;26.939
ARACRUZ (ES);32,63%;13,03%;33,49%;20,85%;92%;26.939
ITAGUAÇU (ES);32,63%;13,03%;33,49%;20,85%;92%;26.939
ITARANA (ES);32,63%;13,03%;33,49%;20,85%;92%;26.939
Águia Branca (ES);32,63%;13,03%;33,49%;20,85%;92%;26.939
Água Doce do Norte (ES);32,63%;13,03%;33,49%;20,85%;92%;26.939
Alto Rio Novo (ES);32,63%;13,03%;33,49%;20,85%;92%;26.939
Baixo Guandu (ES);32,63%;13,03%;33,49%;20,85%;92%;26.939
Barra de São Francisco (ES);32,63%;13,03%;33,49%;20,85%;92%;26.939
Boa Esperança (ES);32,63%;13,03%;33,49%;20,85%;92%;26.939
Colatina (ES);32,63%;13,03%;33,49%;20,85%;92%;26.939
Conceição da Barra (ES);32,63%;13,03%;33,49%;20,85%;92%;26.939
Ecoporanga (ES);32,63%;13,03%;33,49%;20,85%;92%;26.939
Governador Lindenberg (ES);32,63%;13,03%;33,49%;20,85%;92%;26.939
Jaguaré (ES);32,63%;13,03%;33,49%;20,85%;92%;26.939
Linhares (ES);32,63%;13,03%;33,49%;20,85%;92%;26.939
Mantenópolis (ES);32,63%;13,03%;33,49%;20,85%;92%;26.939
Marilândia (ES);32,63%;13,03%;33,49%;20,85%;92%;26.939
Montanha (ES);32,63%;13,03%;33,49%;20,85%;92%;26.939
Mucurici (ES);32,63%;13,03%;33,49%;20,85%;92%;26.939
Nova Venécia (ES);32,63%;13,03%;33,49%;20,85%;92%;26.939
Pancas (ES);32,63%;13,03%;33,49%;20,85%;92%;26.939
Pedro Canário (ES);32,63%;13,03%;33,49%;20,85%;92%;26.939
Pinheiros (ES);32,63%;13,03%;33,49%;20,85%;92%;26.939
Ponto Belo (ES);32,63%;13,03%;33,49%;20,85%;92%;26.939
Rio Bananal (ES);32,63%;13,03%;33,49%;20,85%;92%;26.939
São Domingos do Norte (ES);32,63%;13,03%;33,49%;20,85%;92%;26.939
São Gabriel da Palha (ES);32,63%;13,03%;33,49%;20,85%;92%;26.939
São Mateus (ES);32,63%;13,03%;33,49%;20,85%;92%;26.939
Sooretama (ES);32,63%;13,03%;33,49%;20,85%;92%;26.939
Vila Pavão (ES);32,63%;13,03%;33,49%;20,85%;92%;26.939
Vila Valério (ES);32,63%;13,03%;33,49%;20,85%;92%;26.939
Açailândia (MA);32,63%;13,03%;33,49%;20,85%;92%;26.939
Afonso Cunha (MA);32,63%;13,03%;33,49%;20,85%;92%;26.939
Água Doce do Maranhão (MA);32,63%;13,03%;33,49%;20,85%;92%;26.939
Alcântara (MA);32,63%;13,03%;33,49%;20,85%;92%;26.939
Aldeias Altas (MA);32,63%;13,03%;33,49%;20,85%;92%;26.939
Altamira do Maranhão (MA);32,63%;13,03%;33,49%;20,85%;92%;26.939
Alto Alegre do Maranhão (MA);32,63%;13,03%;33,49%;20,85%;92%;26.939
Alto Alegre do Pindaré (MA);32,63%;13,03%;33,49%;20,85%;92%;26.939
Alto Parnaíba (MA);32,63%;13,03%;33,49%;20,85%;92%;26.939
Amapá do Maranhão (MA);32,63%;13,03%;33,49%;20,85%;92%;26.939
Amarante do Maranhão (MA);32,63%;13,03%;33,49%;20,85%;92%;26.939
Anajatuba (MA);32,63%;13,03%;33,49%;20,85%;92%;26.939
Anapurus (MA);32,63%;13,03%;33,49%;20,85%;92%;26.939
Apicum-Açu (MA);32,63%;13,03%;33,49%;20,85%;92%;26.939
Araguanã (MA);32,63%;13,03%;33,49%;20,85%;92%;26.939
Araioses (MA);32,63%;13,03%;33,49%;20,85%;92%;26.939
Arame (MA);32,63%;13,03%;33,49%;20,85%;92%;26.939
Arari (MA);32,63%;13,03%;33,49%;20,85%;92%;26.939
Axixá (MA);32,63%;13,03%;33,49%;20,85%;92%;26.939
Bacabal (MA);32,63%;13,03%;33,49%;20,85%;92%;26.939
Bacabeira (MA);32,63%;13,03%;33,49%;20,85%;92%;26.939
Bacuri (MA);32,63%;13,03%;33,49%;20,85%;92%;26.939
Bacurituba (MA);32,63%;13,03%;33,49%;20,85%;92%;26.939
Balsas (MA);32,63%;13,03%;33,49%;20,85%;92%;26.939
Barão de Grajaú (MA);32,63%;13,03%;33,49%;20,85%;92%;26.939
Barra do Corda (MA);32,63%;13,03%;33,49%;20,85%;92%;26.939
Barreirinhas (MA);32,63%;13,03%;33,49%;20,85%;92%;26.939
Belágua (MA);32,63%;13,03%;33,49%;20,85%;92%;26.939
Bela Vista do Maranhão (MA);32,63%;13,03%;33,49%;20,85%;92%;26.939
Benedito Leite (MA);32,63%;13,03%;33,49%;20,85%;92%;26.939
Bequimão (MA);32,63%;13,03%;33,49%;20,85%;92%;26.939
Bernardo do Mearim (MA);32,63%;13,03%;33,49%;20,85%;92%;26.939
Boa Vista do Gurupi (MA);32,63%;13,03%;33,49%;20,85%;92%;26.939
Bom Jardim (MA);32,63%;13,03%;33,49%;20,85%;92%;26.939
Bom Jesus das Selvas (MA);32,63%;13,03%;33,49%;20,85%;92%;26.939
Bom Lugar (MA);32,63%;13,03%;33,49%;20,85%;92%;26.939
Brejo (MA);32,63%;13,03%;33,49%;20,85%;92%;26.939
Brejo de Areia (MA);32,63%;13,03%;33,49%;20,85%;92%;26.939
Buriti (MA);32,63%;13,03%;33,49%;20,85%;92%;26.939
Buriti Bravo (MA);32,63%;13,03%;33,49%;20,85%;92%;26.939
Buriticupu (MA);32,63%;13,03%;33,49%;20,85%;92%;26.939
Buritirana (MA);32,63%;13,03%;33,49%;20,85%;92%;26.939
Cachoeira Grande (MA);32,63%;13,03%;33,49%;20,85%;92%;26.939
Cajapió (MA);32,63%;13,03%;33,49%;20,85%;92%;26.939
Cajari (MA);32,63%;13,03%;33,49%;20,85%;92%;26.939
Campestre do Maranhão (MA);32,63%;13,03%;33,49%;20,85%;92%;26.939
Cândido Mendes (MA);32,63%;13,03%;33,49%;20,85%;92%;26.939
Cantanhede (MA);32,63%;13,03%;33,49%;20,85%;92%;26.939
Capinzal do Norte (MA);32,63%;13,03%;33,49%;20,85%;92%;26.939
Carolina (MA);32,63%;13,03%;33,49%;20,85%;92%;26.939
Carutapera (MA);32,63%;13,03%;33,49%;20,85%;92%;26.939
Caxias (MA);32,63%;13,03%;33,49%;20,85%;92%;26.939
Cedral (MA);32,63%;13,03%;33,49%;20,85%;92%;26.939
Central do Maranhão (MA);32,63%;13,03%;33,49%;20,85%;92%;26.939
Centro do Guilherme (MA);32,63%;13,03%;33,49%;20,85%;92%;26.939
Centro Novo do Maranhão (MA);32,63%;13,03%;33,49%;20,85%;92%;26.939
Chapadinha (MA);32,63%;13,03%;33,49%;20,85%;92%;26.939
Cidelândia (MA);32,63%;13,03%;33,49%;20,85%;92%;26.939
Codó (MA);32,63%;13,03%;33,49%;20,85%;92%;26.939
Coelho Neto (MA);32,63%;13,03%;33,49%;20,85%;92%;26.939
Colinas (MA);32,63%;13,03%;33,49%;20,85%;92%;26.939
Conceição do Lago-Açu (MA);32,63%;13,03%;33,49%;20,85%;92%;26.939
Coroatá (MA);32,63%;13,03%;33,49%;20,85%;92%;26.939
Cururupu (MA);32,63%;13,03%;33,49%;20,85%;92%;26.939
Davinópolis (MA);32,63%;13,03%;33,49%;20,85%;92%;26.939
Dom Pedro (MA);32,63%;13,03%;33,49%;20,85%;92%;26.939
Duque Bacelar (MA);32,63%;13,03%;33,49%;20,85%;92%;26.939
Esperantinópolis (MA);32,63%;13,03%;33,49%;20,85%;92%;26.939
Estreito (MA);32,63%;13,03%;33,49%;20,85%;92%;26.939
Feira Nova do Maranhão (MA);32,63%;13,03%;33,49%;20,85%;92%;26.939
Fernando Falcão (MA);32,63%;13,03%;33,49%;20,85%;92%;26.939
Formosa da Serra Negra (MA);32,63%;13,03%;33,49%;20,85%;92%;26.939
Fortaleza dos Nogueiras (MA);32,63%;13,03%;33,49%;20,85%;92%;26.939
Fortuna (MA);32,63%;13,03%;33,49%;20,85%;92%;26.939
Godofredo Viana (MA);32,63%;13,03%;33,49%;20,85%;92%;26.939
Gonçalves Dias (MA);32,63%;13,03%;33,49%;20,85%;92%;26.939
Governador Archer (MA);32,63%;13,03%;33,49%;20,85%;92%;26.939
Governador Edison Lobão (MA);32,63%;13,03%;33,49%;20,85%;92%;26.939
Governador Eugênio Barros (MA);32,63%;13,03%;33,49%;20,85%;92%;26.939
Governador Luiz Rocha (MA);32,63%;13,03%;33,49%;20,85%;92%;26.939
Governador Newton Bello (MA);32,63%;13,03%;33,49%;20,85%;92%;26.939
Governador Nunes Freire (MA);32,63%;13,03%;33,49%;20,85%;92%;26.939
Graça Aranha (MA);32,63%;13,03%;33,49%;20,85%;92%;26.939
Grajaú (MA);32,63%;13,03%;33,49%;20,85%;92%;26.939
Guimarães (MA);32,63%;13,03%;33,49%;20,85%;92%;26.939
Humberto de Campos (MA);32,63%;13,03%;33,49%;20,85%;92%;26.939
Icatu (MA);32,63%;13,03%;33,49%;20,85%;92%;26.939
Igarapé do Meio (MA);32,63%;13,03%;33,49%;20,85%;92%;26.939
Igarapé Grande (MA);32,63%;13,03%;33,49%;20,85%;92%;26.939
Imperatriz (MA);32,63%;13,03%;33,49%;20,85%;92%;26.939
Itaipava do Grajaú (MA);32,63%;13,03%;33,49%;20,85%;92%;26.939
Itapecuru Mirim (MA);32,63%;13,03%;33,49%;20,85%;92%;26.939
Itinga do Maranhão (MA);32,63%;13,03%;33,49%;20,85%;92%;26.939
Jatobá (MA);32,63%;13,03%;33,49%;20,85%;92%;26.939
Jenipapo dos Vieiras (MA);32,63%;13,03%;33,49%;20,85%;92%;26.939
João Lisboa (MA);32,63%;13,03%;33,49%;20,85%;92%;26.939
Joselândia (MA);32,63%;13,03%;33,49%;20,85%;92%;26.939
Junco do Maranhão (MA);32,63%;13,03%;33,49%;20,85%;92%;26.939
Lago da Pedra (MA);32,63%;13,03%;33,49%;20,85%;92%;26.939
Lago do Junco (MA);32,63%;13,03%;33,49%;20,85%;92%;26.939
Lago Verde (MA);32,63%;13,03%;33,49%;20,85%;92%;26.939
Lagoa do Mato (MA);32,63%;13,03%;33,49%;20,85%;92%;26.939
Lago dos Rodrigues (MA);32,63%;13,03%;33,49%;20,85%;92%;26.939
Lagoa Grande do Maranhão (MA);32,63%;13,03%;33,49%;20,85%;92%;26.939
Lajeado Novo (MA);32,63%;13,03%;33,49%;20,85%;92%;26.939
Lima Campos (MA);32,63%;13,03%;33,49%;20,85%;92%;26.939
Loreto (MA);32,63%;13,03%;33,49%;20,85%;92%;26.939
Luís Domingues (MA);32,63%;13,03%;33,49%;20,85%;92%;26.939
Magalhães de Almeida (MA);32,63%;13,03%;33,49%;20,85%;92%;26.939
Maracaçumé (MA);32,63%;13,03%;33,49%;20,85%;92%;26.939
Marajá do Sena (MA);32,63%;13,03%;33,49%;20,85%;92%;26.939
Maranhãozinho (MA);32,63%;13,03%;33,49%;20,85%;92%;26.939
Mata Roma (MA);32,63%;13,03%;33,49%;20,85%;92%;26.939
Matinha (MA);32,63%;13,03%;33,49%;20,85%;92%;26.939
Matões (MA);32,63%;13,03%;33,49%;20,85%;92%;26.939
Matões do Norte (MA);32,63%;13,03%;33,49%;20,85%;92%;26.939
Milagres do Maranhão (MA);32,63%;13,03%;33,49%;20,85%;92%;26.939
Mirador (MA);32,63%;13,03%;33,49%;20,85%;92%;26.939
Miranda do Norte (MA);32,63%;13,03%;33,49%;20,85%;92%;26.939
Mirinzal (MA);32,63%;13,03%;33,49%;20,85%;92%;26.939
Monção (MA);32,63%;13,03%;33,49%;20,85%;92%;26.939
Montes Altos (MA);32,63%;13,03%;33,49%;20,85%;92%;26.939
Morros (MA);32,63%;13,03%;33,49%;20,85%;92%;26.939
Nina Rodrigues (MA);32,63%;13,03%;33,49%;20,85%;92%;26.939
Nova Colinas (MA);32,63%;13,03%;33,49%;20,85%;92%;26.939
Nova Iorque (MA);32,63%;13,03%;33,49%;20,85%;92%;26.939
Nova Olinda do Maranhão (MA);32,63%;13,03%;33,49%;20,85%;92%;26.939
Olho d'Água das Cunhãs (MA);32,63%;13,03%;33,49%;20,85%;92%;26.939
Olinda Nova do Maranhão (MA);32,63%;13,03%;33,49%;20,85%;92%;26.939
Paço do Lumiar (MA);32,63%;13,03%;33,49%;20,85%;92%;26.939
Palmeirândia (MA);32,63%;13,03%;33,49%;20,85%;92%;26.939
Paraibano (MA);32,63%;13,03%;33,49%;20,85%;92%;26.939
Parnarama (MA);32,63%;13,03%;33,49%;20,85%;92%;26.939
Passagem Franca (MA);32,63%;13,03%;33,49%;20,85%;92%;26.939
Pastos Bons (MA);32,63%;13,03%;33,49%;20,85%;92%;26.939
Paulino Neves (MA);32,63%;13,03%;33,49%;20,85%;92%;26.939
Paulo Ramos (MA);32,63%;13,03%;33,49%;20,85%;92%;26.939
Pedreiras (MA);32,63%;13,03%;33,49%;20,85%;92%;26.939
Pedro do Rosário (MA);32,63%;13,03%;33,49%;20,85%;92%;26.939
Penalva (MA);32,63%;13,03%;33,49%;20,85%;92%;26.939
Peri Mirim (MA);32,63%;13,03%;33,49%;20,85%;92%;26.939
Peritoró (MA);32,63%;13,03%;33,49%;20,85%;92%;26.939
Pindaré-Mirim (MA);32,63%;13,03%;33,49%;20,85%;92%;26.939
Pinheiro (MA);32,63%;13,03%;33,49%;20,85%;92%;26.939
Pio XII (MA);32,63%;13,03%;33,49%;20,85%;92%;26.939
Pirapemas (MA);32,63%;13,03%;33,49%;20,85%;92%;26.939
Poção de Pedras (MA);32,63%;13,03%;33,49%;20,85%;92%;26.939
Porto Franco (MA);32,63%;13,03%;33,49%;20,85%;92%;26.939
Porto Rico do Maranhão (MA);32,63%;13,03%;33,49%;20,85%;92%;26.939
Presidente Dutra (MA);32,63%;13,03%;33,49%;20,85%;92%;26.939
Presidente Juscelino (MA);32,63%;13,03%;33,49%;20,85%;92%;26.939
Presidente Médici (MA);32,63%;13,03%;33,49%;20,85%;92%;26.939
Presidente Sarney (MA);32,63%;13,03%;33,49%;20,85%;92%;26.939
Presidente Vargas (MA);32,63%;13,03%;33,49%;20,85%;92%;26.939
Primeira Cruz (MA);32,63%;13,03%;33,49%;20,85%;92%;26.939
Raposa (MA);32,63%;13,03%;33,49%;20,85%;92%;26.939
Riachão (MA);32,63%;13,03%;33,49%;20,85%;92%;26.939
Ribamar Fiquene (MA);32,63%;13,03%;33,49%;20,85%;92%;26.939
Rosário (MA);32,63%;13,03%;33,49%;20,85%;92%;26.939
Sambaíba (MA);32,63%;13,03%;33,49%;20,85%;92%;26.939
Santa Filomena do Maranhão (MA);32,63%;13,03%;33,49%;20,85%;92%;26.939
Santa Helena (MA);32,63%;13,03%;33,49%;20,85%;92%;26.939
Santa Inês (MA);32,63%;13,03%;33,49%;20,85%;92%;26.939
Santa Luzia (MA);32,63%;13,03%;33,49%;20,85%;92%;26.939
Santa Luzia do Paruá (MA);32,63%;13,03%;33,49%;20,85%;92%;26.939
Santa Quitéria do Maranhão (MA);32,63%;13,03%;33,49%;20,85%;92%;26.939
Santa Rita (MA);32,63%;13,03%;33,49%;20,85%;92%;26.939
Santana do Maranhão (MA);32,63%;13,03%;33,49%;20,85%;92%;26.939
Santo Amaro do Maranhão (MA);32,63%;13,03%;33,49%;20,85%;92%;26.939
Santo Antônio dos Lopes (MA);32,63%;13,03%;33,49%;20,85%;92%;26.939
São Benedito do Rio Preto (MA);32,63%;13,03%;33,49%;20,85%;92%;26.939
São Bento (MA);32,63%;13,03%;33,49%;20,85%;92%;26.939
São Bernardo (MA);32,63%;13,03%;33,49%;20,85%;92%;26.939
São Domingos do Azeitão (MA);32,63%;13,03%;33,49%;20,85%;92%;26.939
São Domingos do Maranhão (MA);32,63%;13,03%;33,49%;20,85%;92%;26.939
São Félix de Balsas (MA);32,63%;13,03%;33,49%;20,85%;92%;26.939
São Francisco do Brejão (MA);32,63%;13,03%;33,49%;20,85%;92%;26.939
São Francisco do Maranhão (MA);32,63%;13,03%;33,49%;20,85%;92%;26.939
São João Batista (MA);32,63%;13,03%;33,49%;20,85%;92%;26.939
São João do Carú (MA);32,63%;13,03%;33,49%;20,85%;92%;26.939
São João do Paraíso (MA);32,63%;13,03%;33,49%;20,85%;92%;26.939
São João do Soter (MA);32,63%;13,03%;33,49%;20,85%;92%;26.939
São João dos Patos (MA);32,63%;13,03%;33,49%;20,85%;92%;26.939
São José de Ribamar (MA);32,63%;13,03%;33,49%;20,85%;92%;26.939
São José dos Basílios (MA);32,63%;13,03%;33,49%;20,85%;92%;26.939
São Luís (MA);32,63%;13,03%;33,49%;20,85%;92%;26.939
São Luís Gonzaga do Maranhão (MA);32,63%;13,03%;33,49%;20,85%;92%;26.939
São Mateus do Maranhão (MA);32,63%;13,03%;33,49%;20,85%;92%;26.939
São Pedro da Água Branca (MA);32,63%;13,03%;33,49%;20,85%;92%;26.939
São Pedro dos Crentes (MA);32,63%;13,03%;33,49%;20,85%;92%;26.939
São Raimundo das Mangabeiras (MA);32,63%;13,03%;33,49%;20,85%;92%;26.939
São Raimundo do Doca Bezerra (MA);32,63%;13,03%;33,49%;20,85%;92%;26.939
São Roberto (MA);32,63%;13,03%;33,49%;20,85%;92%;26.939
São Vicente Ferrer (MA);32,63%;13,03%;33,49%;20,85%;92%;26.939
Satubinha (MA);32,63%;13,03%;33,49%;20,85%;92%;26.939
Senador Alexandre Costa (MA);32,63%;13,03%;33,49%;20,85%;92%;26.939
Senador La Rocque (MA);32,63%;13,03%;33,49%;20,85%;92%;26.939
Serrano do Maranhão (MA);32,63%;13,03%;33,49%;20,85%;92%;26.939
Sítio Novo (MA);32,63%;13,03%;33,49%;20,85%;92%;26.939
Sucupira do Norte (MA);32,63%;13,03%;33,49%;20,85%;92%;26.939
Sucupira do Riachão (MA);32,63%;13,03%;33,49%;20,85%;92%;26.939
Tasso Fragoso (MA);32,63%;13,03%;33,49%;20,85%;92%;26.939
Timbiras (MA);32,63%;13,03%;33,49%;20,85%;92%;26.939
Timon (MA);32,63%;13,03%;33,49%;20,85%;92%;26.939
Trizidela do Vale (MA);32,63%;13,03%;33,49%;20,85%;92%;26.939
Tufilândia (MA);32,63%;13,03%;33,49%;20,85%;92%;26.939
Tuntum (MA);32,63%;13,03%;33,49%;20,85%;92%;26.939
Turiaçu (MA);32,63%;13,03%;33,49%;20,85%;92%;26.939
Turilândia (MA);32,63%;13,03%;33,49%;20,85%;92%;26.939
Tutóia (MA);32,63%;13,03%;33,49%;20,85%;92%;26.939
Urbano Santos (MA);32,63%;13,03%;33,49%;20,85%;92%;26.939
Vargem Grande (MA);32,63%;13,03%;33,49%;20,85%;92%;26.939
Viana (MA);32,63%;13,03%;33,49%;20,85%;92%;26.939
Vila Nova dos Martírios (MA);32,63%;13,03%;33,49%;20,85%;92%;26.939
Vitória do Mearim (MA);32,63%;13,03%;33,49%;20,85%;92%;26.939
Vitorino Freire (MA);32,63%;13,03%;33,49%;20,85%;92%;26.939
Zé Doca (MA);32,63%;13,03%;33,49%;20,85%;92%;26.939
AÇUCENA (MG);32,63%;13,03%;33,49%;20,85%;92%;26.939
ÁGUA BOA (MG);32,63%;13,03%;33,49%;20,85%;92%;26.939
AIMORÉS (MG);32,63%;13,03%;33,49%;20,85%;92%;26.939
ALPERCATA (MG);32,63%;13,03%;33,49%;20,85%;92%;26.939
ALVARENGA (MG);32,63%;13,03%;33,49%;20,85%;92%;26.939
BONFINÓPOLIS DE MINAS (MG);32,63%;13,03%;33,49%;20,85%;92%;26.939
BRAÚNAS (MG);32,63%;13,03%;33,49%;20,85%;92%;26.939
CANTAGALO (MG);32,63%;13,03%;33,49%;20,85%;92%;26.939
CAPITÃO ANDRADE (MG);32,63%;13,03%;33,49%;20,85%;92%;26.939
CARMÉSIA (MG);32,63%;13,03%;33,49%;20,85%;92%;26.939
CENTRAL DE MINAS (MG);32,63%;13,03%;33,49%;20,85%;92%;26.939
COLUNA (MG);32,63%;13,03%;33,49%;20,85%;92%;26.939
CONSELHEIRO PENA (MG);32,63%;13,03%;33,49%;20,85%;92%;26.939
COROACI (MG);32,63%;13,03%;33,49%;20,85%;92%;26.939
CUPARAQUE (MG);32,63%;13,03%;33,49%;20,85%;92%;26.939
DIVINO DAS LARANJEIRAS (MG);32,63%;13,03%;33,49%;20,85%;92%;26.939
DIVINOLÂNDIA DE MINAS (MG);32,63%;13,03%;33,49%;20,85%;92%;26.939
DOM BOSCO (MG);32,63%;13,03%;33,49%;20,85%;92%;26.939
DORES DE GUANHÃES (MG);32,63%;13,03%;33,49%;20,85%;92%;26.939
ENGENHEIRO CALDAS (MG);32,63%;13,03%;33,49%;20,85%;92%;26.939
FERNANDES TOURINHO (MG);32,63%;13,03%;33,49%;20,85%;92%;26.939
FREI INOCÊNCIO (MG);32,63%;13,03%;33,49%;20,85%;92%;26.939
FREI LAGONEGRO (MG);32,63%;13,03%;33,49%;20,85%;92%;26.939
GALILÉIA (MG);32,63%;13,03%;33,49%;20,85%;92%;26.939
GOIABEIRA (MG);32,63%;13,03%;33,49%;20,85%;92%;26.939
GONZAGA (MG);32,63%;13,03%;33,49%;20,85%;92%;26.939
GOVERNADOR VALADARES (MG);32,63%;13,03%;33,49%;20,85%;92%;26.939
GUANHÃES (MG);32,63%;13,03%;33,49%;20,85%;92%;26.939
IMBÉ DE MINAS (MG);32,63%;13,03%;33,49%;20,85%;92%;26.939
INHAPIM (MG);32,63%;13,03%;33,49%;20,85%;92%;26.939
ITABIRINHA (MG);32,63%;13,03%;33,49%;20,85%;92%;26.939
ITANHOMI (MG);32,63%;13,03%;33,49%;20,85%;92%;26.939
ITUETA (MG);32,63%;13,03%;33,49%;20,85%;92%;26.939
JAMPRUCA (MG);32,63%;13,03%;33,49%;20,85%;92%;26.939
JOSÉ RAYDAN (MG);32,63%;13,03%;33,49%;20,85%;92%;26.939
MANTENA (MG);32,63%;13,03%;33,49%;20,85%;92%;26.939
MARILAC (MG);32,63%;13,03%;33,49%;20,85%;92%;26.939
MATERLÂNDIA (MG);32,63%;13,03%;33,49%;20,85%;92%;26.939
MENDES PIMENTEL (MG);32,63%;13,03%;33,49%;20,85%;92%;26.939
MUTUM (MG);32,63%;13,03%;33,49%;20,85%;92%;26.939
NACIP RAYDAN (MG);32,63%;13,03%;33,49%;20,85%;92%;26.939
NAQUE (MG);32,63%;13,03%;33,49%;20,85%;92%;26.939
NATALÂNDIA (MG);32,63%;13,03%;33,49%;20,85%;92%;26.939
NOVA BELÉM (MG);32,63%;13,03%;33,49%;20,85%;92%;26.939
NOVA MÓDICA (MG);32,63%;13,03%;33,49%;20,85%;92%;26.939
PAULISTAS (MG);32,63%;13,03%;33,49%;20,85%;92%;26.939
PEÇANHA (MG);32,63%;13,03%;33,49%;20,85%;92%;26.939
PERIQUITO (MG);32,63%;13,03%;33,49%;20,85%;92%;26.939
PIEDADE DE CARATINGA (MG);32,63%;13,03%;33,49%;20,85%;92%;26.939
RESPLENDOR (MG);32,63%;13,03%;33,49%;20,85%;92%;26.939
SABINÓPOLIS (MG);32,63%;13,03%;33,49%;20,85%;92%;26.939
SANTA BÁRBARA DO LESTE (MG);32,63%;13,03%;33,49%;20,85%;92%;26.939
SANTA EFIGÊNIA DE MINAS (MG);32,63%;13,03%;33,49%;20,85%;92%;26.939
SANTA MARIA DO SUAÇUÍ (MG);32,63%;13,03%;33,49%;20,85%;92%;26.939
SANTA RITA DE MINAS (MG);32,63%;13,03%;33,49%;20,85%;92%;26.939
SANTA RITA DO ITUETO (MG);32,63%;13,03%;33,49%;20,85%;92%;26.939
SANTO ANTÔNIO DO ITAMBÉ (MG);32,63%;13,03%;33,49%;20,85%;92%;26.939
SÃO DOMINGOS DAS DORES (MG);32,63%;13,03%;33,49%;20,85%;92%;26.939
SÃO FÉLIX DE MINAS (MG);32,63%;13,03%;33,49%;20,85%;92%;26.939
SÃO GERALDO DA PIEDADE (MG);32,63%;13,03%;33,49%;20,85%;92%;26.939
SÃO GERALDO DO BAIXIO (MG);32,63%;13,03%;33,49%;20,85%;92%;26.939
SÃO JOÃO DA MANTENINHA (MG);32,63%;13,03%;33,49%;20,85%;92%;26.939
SÃO JOÃO EVANGELISTA (MG);32,63%;13,03%;33,49%;20,85%;92%;26.939
SÃO JOSÉ DA SAFIRA (MG);32,63%;13,03%;33,49%;20,85%;92%;26.939
SÃO JOSÉ DO DIVINO (MG);32,63%;13,03%;33,49%;20,85%;92%;26.939
SÃO JOSÉ DO JACURI (MG);32,63%;13,03%;33,49%;20,85%;92%;26.939
SÃO PEDRO DO SUAÇUÍ (MG);32,63%;13,03%;33,49%;20,85%;92%;26.939
SÃO SEBASTIÃO DO ANTA (MG);32,63%;13,03%;33,49%;20,85%;92%;26.939
SÃO SEBASTIÃO DO MARANHÃO (MG);32,63%;13,03%;33,49%;20,85%;92%;26.939
SARDOÁ (MG);32,63%;13,03%;33,49%;20,85%;92%;26.939
SENHORA DO PORTO (MG);32,63%;13,03%;33,49%;20,85%;92%;26.939
SERRA AZUL DE MINAS (MG);32,63%;13,03%;33,49%;20,85%;92%;26.939
SOBRÁLIA (MG);32,63%;13,03%;33,49%;20,85%;92%;26.939
TAPARUBA (MG);32,63%;13,03%;33,49%;20,85%;92%;26.939
TARUMIRIM (MG);32,63%;13,03%;33,49%;20,85%;92%;26.939
TUMIRITINGA (MG);32,63%;13,03%;33,49%;20,85%;92%;26.939
UBAPORANGA (MG);32,63%;13,03%;33,49%;20,85%;92%;26.939
URUANA DE MINAS (MG);32,63%;13,03%;33,49%;20,85%;92%;26.939
MATHIAS LOBATO (MG);32,63%;13,03%;33,49%;20,85%;92%;26.939
VIRGINÓPOLIS (MG);32,63%;13,03%;33,49%;20,85%;92%;26.939
VIRGOLÂNDIA (MG);32,63%;13,03%;33,49%;20,85%;92%;26.939
Águas Formosas (MG);32,63%;13,03%;33,49%;20,85%;92%;26.939
Águas Vermelhas (MG);32,63%;13,03%;33,49%;20,85%;92%;26.939
Almenara (MG);32,63%;13,03%;33,49%;20,85%;92%;26.939
Cachoeira de Pajeú (MG);32,63%;13,03%;33,49%;20,85%;92%;26.939
Angelândia (MG);32,63%;13,03%;33,49%;20,85%;92%;26.939
Araçuaí (MG);32,63%;13,03%;33,49%;20,85%;92%;26.939
Aricanduva (MG);32,63%;13,03%;33,49%;20,85%;92%;26.939
Arinos (MG);32,63%;13,03%;33,49%;20,85%;92%;26.939
Ataléia (MG);32,63%;13,03%;33,49%;20,85%;92%;26.939
Bandeira (MG);32,63%;13,03%;33,49%;20,85%;92%;26.939
Berilo (MG);32,63%;13,03%;33,49%;20,85%;92%;26.939
Bertópolis (MG);32,63%;13,03%;33,49%;20,85%;92%;26.939
Berizal (MG);32,63%;13,03%;33,49%;20,85%;92%;26.939
Bocaiúva (MG);32,63%;13,03%;33,49%;20,85%;92%;26.939
Bonito de Minas (MG);32,63%;13,03%;33,49%;20,85%;92%;26.939
Botumirim (MG);32,63%;13,03%;33,49%;20,85%;92%;26.939
Brasília de Minas (MG);32,63%;13,03%;33,49%;20,85%;92%;26.939
Buritizeiro (MG);32,63%;13,03%;33,49%;20,85%;92%;26.939
Campanário (MG);32,63%;13,03%;33,49%;20,85%;92%;26.939
Campo Azul (MG);32,63%;13,03%;33,49%;20,85%;92%;26.939
Capelinha (MG);32,63%;13,03%;33,49%;20,85%;92%;26.939
Capitão Enéas (MG);32,63%;13,03%;33,49%;20,85%;92%;26.939
Caraí (MG);32,63%;13,03%;33,49%;20,85%;92%;26.939
Carbonita (MG);32,63%;13,03%;33,49%;20,85%;92%;26.939
Carlos Chagas (MG);32,63%;13,03%;33,49%;20,85%;92%;26.939
Catuji (MG);32,63%;13,03%;33,49%;20,85%;92%;26.939
Catuti (MG);32,63%;13,03%;33,49%;20,85%;92%;26.939
Chapada do Norte (MG);32,63%;13,03%;33,49%;20,85%;92%;26.939
Chapada Gaúcha (MG);32,63%;13,03%;33,49%;20,85%;92%;26.939
Claro dos Poções (MG);32,63%;13,03%;33,49%;20,85%;92%;26.939
Comercinho (MG);32,63%;13,03%;33,49%;20,85%;92%;26.939
Cônego Marinho (MG);32,63%;13,03%;33,49%;20,85%;92%;26.939
Coração de Jesus (MG);32,63%;13,03%;33,49%;20,85%;92%;26.939
Coronel Murta (MG);32,63%;13,03%;33,49%;20,85%;92%;26.939
Couto de Magalhães de Minas (MG);32,63%;13,03%;33,49%;20,85%;92%;26.939
Crisólita (MG);32,63%;13,03%;33,49%;20,85%;92%;26.939
Cristália (MG);32,63%;13,03%;33,49%;20,85%;92%;26.939
Curral de Dentro (MG);32,63%;13,03%;33,49%;20,85%;92%;26.939
Datas (MG);32,63%;13,03%;33,49%;20,85%;92%;26.939
Diamantina (MG);32,63%;13,03%;33,49%;20,85%;92%;26.939
Divisa Alegre (MG);32,63%;13,03%;33,49%;20,85%;92%;26.939
Divisópolis (MG);32,63%;13,03%;33,49%;20,85%;92%;26.939
Engenheiro Navarro (MG);32,63%;13,03%;33,49%;20,85%;92%;26.939
Espinosa (MG);32,63%;13,03%;33,49%;20,85%;92%;26.939
Felício dos Santos (MG);32,63%;13,03%;33,49%;20,85%;92%;26.939
São Gonçalo do Rio Preto (MG);32,63%;13,03%;33,49%;20,85%;92%;26.939
Felisburgo (MG);32,63%;13,03%;33,49%;20,85%;92%;26.939
Formoso (MG);32,63%;13,03%;33,49%;20,85%;92%;26.939
Francisco Badaró (MG);32,63%;13,03%;33,49%;20,85%;92%;26.939
Francisco Dumont (MG);32,63%;13,03%;33,49%;20,85%;92%;26.939
Francisco Sá (MG);32,63%;13,03%;33,49%;20,85%;92%;26.939
Franciscópolis (MG);32,63%;13,03%;33,49%;20,85%;92%;26.939
Frei Gaspar (MG);32,63%;13,03%;33,49%;20,85%;92%;26.939
Fronteira dos Vales (MG);32,63%;13,03%;33,49%;20,85%;92%;26.939
Fruta de Leite (MG);32,63%;13,03%;33,49%;20,85%;92%;26.939
Gameleiras (MG);32,63%;13,03%;33,49%;20,85%;92%;26.939
Glaucilândia (MG);32,63%;13,03%;33,49%;20,85%;92%;26.939
Grão Mogol (MG);32,63%;13,03%;33,49%;20,85%;92%;26.939
Guaraciama (MG);32,63%;13,03%;33,49%;20,85%;92%;26.939
Ibiaí (MG);32,63%;13,03%;33,49%;20,85%;92%;26.939
Ibiracatu (MG);32,63%;13,03%;33,49%;20,85%;92%;26.939
Icaraí de Minas (MG);32,63%;13,03%;33,49%;20,85%;92%;26.939
Indaiabira (MG);32,63%;13,03%;33,49%;20,85%;92%;26.939
Itacambira (MG);32,63%;13,03%;33,49%;20,85%;92%;26.939
Itacarambi (MG);32,63%;13,03%;33,49%;20,85%;92%;26.939
Itaipé (MG);32,63%;13,03%;33,49%;20,85%;92%;26.939
Itamarandiba (MG);32,63%;13,03%;33,49%;20,85%;92%;26.939
Itambacuri (MG);32,63%;13,03%;33,49%;20,85%;92%;26.939
Itaobim (MG);32,63%;13,03%;33,49%;20,85%;92%;26.939
Itinga (MG);32,63%;13,03%;33,49%;20,85%;92%;26.939
Jacinto (MG);32,63%;13,03%;33,49%;20,85%;92%;26.939
Jaíba (MG);32,63%;13,03%;33,49%;20,85%;92%;26.939
Janaúba (MG);32,63%;13,03%;33,49%;20,85%;92%;26.939
Januária (MG);32,63%;13,03%;33,49%;20,85%;92%;26.939
Japonvar (MG);32,63%;13,03%;33,49%;20,85%;92%;26.939
Jenipapo de Minas (MG);32,63%;13,03%;33,49%;20,85%;92%;26.939
Jequitaí (MG);32,63%;13,03%;33,49%;20,85%;92%;26.939
Jequitinhonha (MG);32,63%;13,03%;33,49%;20,85%;92%;26.939
Joaíma (MG);32,63%;13,03%;33,49%;20,85%;92%;26.939
Jordânia (MG);32,63%;13,03%;33,49%;20,85%;92%;26.939
José Gonçalves de Minas (MG);32,63%;13,03%;33,49%;20,85%;92%;26.939
Josenópolis (MG);32,63%;13,03%;33,49%;20,85%;92%;26.939
Juramento (MG);32,63%;13,03%;33,49%;20,85%;92%;26.939
Juvenília (MG);32,63%;13,03%;33,49%;20,85%;92%;26.939
Ladainha (MG);32,63%;13,03%;33,49%;20,85%;92%;26.939
Lagoa dos Patos (MG);32,63%;13,03%;33,49%;20,85%;92%;26.939
Lassance (MG);32,63%;13,03%;33,49%;20,85%;92%;26.939
Leme do Prado (MG);32,63%;13,03%;33,49%;20,85%;92%;26.939
Lontra (MG);32,63%;13,03%;33,49%;20,85%;92%;26.939
Luislândia (MG);32,63%;13,03%;33,49%;20,85%;92%;26.939
Machacalis (MG);32,63%;13,03%;33,49%;20,85%;92%;26.939
Malacacheta (MG);32,63%;13,03%;33,49%;20,85%;92%;26.939
Mamonas (MG);32,63%;13,03%;33,49%;20,85%;92%;26.939
Manga (MG);32,63%;13,03%;33,49%;20,85%;92%;26.939
Mata Verde (MG);32,63%;13,03%;33,49%;20,85%;92%;26.939
Matias Cardoso (MG);32,63%;13,03%;33,49%;20,85%;92%;26.939
Mato Verde (MG);32,63%;13,03%;33,49%;20,85%;92%;26.939
Medina (MG);32,63%;13,03%;33,49%;20,85%;92%;26.939
Minas Novas (MG);32,63%;13,03%;33,49%;20,85%;92%;26.939
Mirabela (MG);32,63%;13,03%;33,49%;20,85%;92%;26.939
Miravânia (MG);32,63%;13,03%;33,49%;20,85%;92%;26.939
Montalvânia (MG);32,63%;13,03%;33,49%;20,85%;92%;26.939
Monte Azul (MG);32,63%;13,03%;33,49%;20,85%;92%;26.939
Monte Formoso (MG);32,63%;13,03%;33,49%;20,85%;92%;26.939
Montes Claros (MG);32,63%;13,03%;33,49%;20,85%;92%;26.939
Montezuma (MG);32,63%;13,03%;33,49%;20,85%;92%;26.939
Nanuque (MG);32,63%;13,03%;33,49%;20,85%;92%;26.939
Ninheira (MG);32,63%;13,03%;33,49%;20,85%;92%;26.939
Nova Porteirinha (MG);32,63%;13,03%;33,49%;20,85%;92%;26.939
Novo Cruzeiro (MG);32,63%;13,03%;33,49%;20,85%;92%;26.939
Novo Oriente de Minas (MG);32,63%;13,03%;33,49%;20,85%;92%;26.939
Novorizonte (MG);32,63%;13,03%;33,49%;20,85%;92%;26.939
Olhos-d'Água (MG);32,63%;13,03%;33,49%;20,85%;92%;26.939
Ouro Verde de Minas (MG);32,63%;13,03%;33,49%;20,85%;92%;26.939
Padre Carvalho (MG);32,63%;13,03%;33,49%;20,85%;92%;26.939
Padre Paraíso (MG);32,63%;13,03%;33,49%;20,85%;92%;26.939
Pai Pedro (MG);32,63%;13,03%;33,49%;20,85%;92%;26.939
Palmópolis (MG);32,63%;13,03%;33,49%;20,85%;92%;26.939
Patis (MG);32,63%;13,03%;33,49%;20,85%;92%;26.939
Pavão (MG);32,63%;13,03%;33,49%;20,85%;92%;26.939
Pedra Azul (MG);32,63%;13,03%;33,49%;20,85%;92%;26.939
Pedras de Maria da Cruz (MG);32,63%;13,03%;33,49%;20,85%;92%;26.939
Pescador (MG);32,63%;13,03%;33,49%;20,85%;92%;26.939
Pintópolis (MG);32,63%;13,03%;33,49%;20,85%;92%;26.939
Pirapora (MG);32,63%;13,03%;33,49%;20,85%;92%;26.939
Ponto Chique (MG);32,63%;13,03%;33,49%;20,85%;92%;26.939
Ponto dos Volantes (MG);32,63%;13,03%;33,49%;20,85%;92%;26.939
Porteirinha (MG);32,63%;13,03%;33,49%;20,85%;92%;26.939
Poté (MG);32,63%;13,03%;33,49%;20,85%;92%;26.939
Riachinho (MG);32,63%;13,03%;33,49%;20,85%;92%;26.939
Riacho dos Machados (MG);32,63%;13,03%;33,49%;20,85%;92%;26.939
Rio do Prado (MG);32,63%;13,03%;33,49%;20,85%;92%;26.939
Rio Pardo de Minas (MG);32,63%;13,03%;33,49%;20,85%;92%;26.939
Rio Vermelho (MG);32,63%;13,03%;33,49%;20,85%;92%;26.939
Rubelita (MG);32,63%;13,03%;33,49%;20,85%;92%;26.939
Rubim (MG);32,63%;13,03%;33,49%;20,85%;92%;26.939
Salinas (MG);32,63%;13,03%;33,49%;20,85%;92%;26.939
Salto da Divisa (MG);32,63%;13,03%;33,49%;20,85%;92%;26.939
Santa Cruz de Salinas (MG);32,63%;13,03%;33,49%;20,85%;92%;26.939
Santa Fé de Minas (MG);32,63%;13,03%;33,49%;20,85%;92%;26.939
Santa Helena de Minas (MG);32,63%;13,03%;33,49%;20,85%;92%;26.939
Santa Maria do Salto (MG);32,63%;13,03%;33,49%;20,85%;92%;26.939
Santo Antônio do Jacinto (MG);32,63%;13,03%;33,49%;20,85%;92%;26.939
Santo Antônio do Retiro (MG);32,63%;13,03%;33,49%;20,85%;92%;26.939
São Francisco (MG);32,63%;13,03%;33,49%;20,85%;92%;26.939
São João da Lagoa (MG);32,63%;13,03%;33,49%;20,85%;92%;26.939
São João da Ponte (MG);32,63%;13,03%;33,49%;20,85%;92%;26.939
São João das Missões (MG);32,63%;13,03%;33,49%;20,85%;92%;26.939
São João do Pacuí (MG);32,63%;13,03%;33,49%;20,85%;92%;26.939
São João do Paraíso (MG);32,63%;13,03%;33,49%;20,85%;92%;26.939
São Romão (MG);32,63%;13,03%;33,49%;20,85%;92%;26.939
Setubinha (MG);32,63%;13,03%;33,49%;20,85%;92%;26.939
Senador Modestino Gonçalves (MG);32,63%;13,03%;33,49%;20,85%;92%;26.939
Serra dos Aimorés (MG);32,63%;13,03%;33,49%;20,85%;92%;26.939
Serranópolis de Minas (MG);32,63%;13,03%;33,49%;20,85%;92%;26.939
Serro (MG);32,63%;13,03%;33,49%;20,85%;92%;26.939
Taiobeiras (MG);32,63%;13,03%;33,49%;20,85%;92%;26.939
Teófilo Otoni (MG);32,63%;13,03%;33,49%;20,85%;92%;26.939
Turmalina (MG);32,63%;13,03%;33,49%;20,85%;92%;26.939
Ubaí (MG);32,63%;13,03%;33,49%;20,85%;92%;26.939
Umburatiba (MG);32,63%;13,03%;33,49%;20,85%;92%;26.939
Urucuia (MG);32,63%;13,03%;33,49%;20,85%;92%;26.939
Vargem Grande do Rio Pardo (MG);32,63%;13,03%;33,49%;20,85%;92%;26.939
Várzea da Palma (MG);32,63%;13,03%;33,49%;20,85%;92%;26.939
Varzelândia (MG);32,63%;13,03%;33,49%;20,85%;92%;26.939
Verdelândia (MG);32,63%;13,03%;33,49%;20,85%;92%;26.939
Veredinha (MG);32,63%;13,03%;33,49%;20,85%;92%;26.939
Virgem da Lapa (MG);32,63%;13,03%;33,49%;20,85%;92%;26.939
Água Branca (PB);32,63%;13,03%;33,49%;20,85%;92%;26.939
Aguiar (PB);32,63%;13,03%;33,49%;20,85%;92%;26.939
Alagoa Grande (PB);32,63%;13,03%;33,49%;20,85%;92%;26.939
Alagoa Nova (PB);32,63%;13,03%;33,49%;20,85%;92%;26.939
Alagoinha (PB);32,63%;13,03%;33,49%;20,85%;92%;26.939
Alcantil (PB);32,63%;13,03%;33,49%;20,85%;92%;26.939
Algodão de Jandaíra (PB);32,63%;13,03%;33,49%;20,85%;92%;26.939
Alhandra (PB);32,63%;13,03%;33,49%;20,85%;92%;26.939
São João do Rio do Peixe (PB);32,63%;13,03%;33,49%;20,85%;92%;26.939
Amparo (PB);32,63%;13,03%;33,49%;20,85%;92%;26.939
Aparecida (PB);32,63%;13,03%;33,49%;20,85%;92%;26.939
Araçagi (PB);32,63%;13,03%;33,49%;20,85%;92%;26.939
Arara (PB);32,63%;13,03%;33,49%;20,85%;92%;26.939
Araruna (PB);32,63%;13,03%;33,49%;20,85%;92%;26.939
Areia (PB);32,63%;13,03%;33,49%;20,85%;92%;26.939
Areia de Baraúnas (PB);32,63%;13,03%;33,49%;20,85%;92%;26.939
Areial (PB);32,63%;13,03%;33,49%;20,85%;92%;26.939
Aroeiras (PB);32,63%;13,03%;33,49%;20,85%;92%;26.939
Assunção (PB);32,63%;13,03%;33,49%;20,85%;92%;26.939
Baía da Traição (PB);32,63%;13,03%;33,49%;20,85%;92%;26.939
Bananeiras (PB);32,63%;13,03%;33,49%;20,85%;92%;26.939
Baraúna (PB);32,63%;13,03%;33,49%;20,85%;92%;26.939
Barra de Santana (PB);32,63%;13,03%;33,49%;20,85%;92%;26.939
Barra de Santa Rosa (PB);32,63%;13,03%;33,49%;20,85%;92%;26.939
Barra de São Miguel (PB);32,63%;13,03%;33,49%;20,85%;92%;26.939
Bayeux (PB);32,63%;13,03%;33,49%;20,85%;92%;26.939
Belém (PB);32,63%;13,03%;33,49%;20,85%;92%;26.939
Belém do Brejo do Cruz (PB);32,63%;13,03%;33,49%;20,85%;92%;26.939
Bernardino Batista (PB);32,63%;13,03%;33,49%;20,85%;92%;26.939
Boa Ventura (PB);32,63%;13,03%;33,49%;20,85%;92%;26.939
Boa Vista (PB);32,63%;13,03%;33,49%;20,85%;92%;26.939
Bom Jesus (PB);32,63%;13,03%;33,49%;20,85%;92%;26.939
Bom Sucesso (PB);32,63%;13,03%;33,49%;20,85%;92%;26.939
Bonito de Santa Fé (PB);32,63%;13,03%;33,49%;20,85%;92%;26.939
Boqueirão (PB);32,63%;13,03%;33,49%;20,85%;92%;26.939
Igaracy (PB);32,63%;13,03%;33,49%;20,85%;92%;26.939
Borborema (PB);32,63%;13,03%;33,49%;20,85%;92%;26.939
Brejo do Cruz (PB);32,63%;13,03%;33,49%;20,85%;92%;26.939
Brejo dos Santos (PB);32,63%;13,03%;33,49%;20,85%;92%;26.939
Caaporã (PB);32,63%;13,03%;33,49%;20,85%;92%;26.939
Cabaceiras (PB);32,63%;13,03%;33,49%;20,85%;92%;26.939
Cabedelo (PB);32,63%;13,03%;33,49%;20,85%;92%;26.939
Cachoeira dos Índios (PB);32,63%;13,03%;33,49%;20,85%;92%;26.939
Cacimba de Areia (PB);32,63%;13,03%;33,49%;20,85%;92%;26.939
Cacimba de Dentro (PB);32,63%;13,03%;33,49%;20,85%;92%;26.939
Cacimbas (PB);32,63%;13,03%;33,49%;20,85%;92%;26.939
Caiçara (PB);32,63%;13,03%;33,49%;20,85%;92%;26.939
Cajazeiras (PB);32,63%;13,03%;33,49%;20,85%;92%;26.939
Cajazeirinhas (PB);32,63%;13,03%;33,49%;20,85%;92%;26.939
Caldas Brandão (PB);32,63%;13,03%;33,49%;20,85%;92%;26.939
Camalaú (PB);32,63%;13,03%;33,49%;20,85%;92%;26.939
Campina Grande (PB);32,63%;13,03%;33,49%;20,85%;92%;26.939
Capim (PB);32,63%;13,03%;33,49%;20,85%;92%;26.939
Caraúbas (PB);32,63%;13,03%;33,49%;20,85%;92%;26.939
Carrapateira (PB);32,63%;13,03%;33,49%;20,85%;92%;26.939
Casserengue (PB);32,63%;13,03%;33,49%;20,85%;92%;26.939
Catingueira (PB);32,63%;13,03%;33,49%;20,85%;92%;26.939
Catolé do Rocha (PB);32,63%;13,03%;33,49%;20,85%;92%;26.939
Caturité (PB);32,63%;13,03%;33,49%;20,85%;92%;26.939
Conceição (PB);32,63%;13,03%;33,49%;20,85%;92%;26.939
Condado (PB);32,63%;13,03%;33,49%;20,85%;92%;26.939
Conde (PB);32,63%;13,03%;33,49%;20,85%;92%;26.939
Congo (PB);32,63%;13,03%;33,49%;20,85%;92%;26.939
Coremas (PB);32,63%;13,03%;33,49%;20,85%;92%;26.939
Coxixola (PB);32,63%;13,03%;33,49%;20,85%;92%;26.939
Cruz do Espírito Santo (PB);32,63%;13,03%;33,49%;20,85%;92%;26.939
Cubati (PB);32,63%;13,03%;33,49%;20,85%;92%;26.939
Cuité (PB);32,63%;13,03%;33,49%;20,85%;92%;26.939
Cuitegi (PB);32,63%;13,03%;33,49%;20,85%;92%;26.939
Cuité de Mamanguape (PB);32,63%;13,03%;33,49%;20,85%;92%;26.939
Curral de Cima (PB);32,63%;13,03%;33,49%;20,85%;92%;26.939
Curral Velho (PB);32,63%;13,03%;33,49%;20,85%;92%;26.939
Damião (PB);32,63%;13,03%;33,49%;20,85%;92%;26.939
Desterro (PB);32,63%;13,03%;33,49%;20,85%;92%;26.939
Vista Serrana (PB);32,63%;13,03%;33,49%;20,85%;92%;26.939
Diamante (PB);32,63%;13,03%;33,49%;20,85%;92%;26.939
Dona Inês (PB);32,63%;13,03%;33,49%;20,85%;92%;26.939
Duas Estradas (PB);32,63%;13,03%;33,49%;20,85%;92%;26.939
Emas (PB);32,63%;13,03%;33,49%;20,85%;92%;26.939
Esperança (PB);32,63%;13,03%;33,49%;20,85%;92%;26.939
Fagundes (PB);32,63%;13,03%;33,49%;20,85%;92%;26.939
Frei Martinho (PB);32,63%;13,03%;33,49%;20,85%;92%;26.939
Gado Bravo (PB);32,63%;13,03%;33,49%;20,85%;92%;26.939
Guarabira (PB);32,63%;13,03%;33,49%;20,85%;92%;26.939
Gurinhém (PB);32,63%;13,03%;33,49%;20,85%;92%;26.939
Gurjão (PB);32,63%;13,03%;33,49%;20,85%;92%;26.939
Ibiara (PB);32,63%;13,03%;33,49%;20,85%;92%;26.939
Imaculada (PB);32,63%;13,03%;33,49%;20,85%;92%;26.939
Ingá (PB);32,63%;13,03%;33,49%;20,85%;92%;26.939
Itabaiana (PB);32,63%;13,03%;33,49%;20,85%;92%;26.939
Itaporanga (PB);32,63%;13,03%;33,49%;20,85%;92%;26.939
Itapororoca (PB);32,63%;13,03%;33,49%;20,85%;92%;26.939
Itatuba (PB);32,63%;13,03%;33,49%;20,85%;92%;26.939
Jacaraú (PB);32,63%;13,03%;33,49%;20,85%;92%;26.939
Jericó (PB);32,63%;13,03%;33,49%;20,85%;92%;26.939
João Pessoa (PB);32,63%;13,03%;33,49%;20,85%;92%;26.939
Juarez Távora (PB);32,63%;13,03%;33,49%;20,85%;92%;26.939
Juazeirinho (PB);32,63%;13,03%;33,49%;20,85%;92%;26.939
Junco do Seridó (PB);32,63%;13,03%;33,49%;20,85%;92%;26.939
Juripiranga (PB);32,63%;13,03%;33,49%;20,85%;92%;26.939
Juru (PB);32,63%;13,03%;33,49%;20,85%;92%;26.939
Lagoa (PB);32,63%;13,03%;33,49%;20,85%;92%;26.939
Lagoa de Dentro (PB);32,63%;13,03%;33,49%;20,85%;92%;26.939
Lagoa Seca (PB);32,63%;13,03%;33,49%;20,85%;92%;26.939
Lastro (PB);32,63%;13,03%;33,49%;20,85%;92%;26.939
Livramento (PB);32,63%;13,03%;33,49%;20,85%;92%;26.939
Logradouro (PB);32,63%;13,03%;33,49%;20,85%;92%;26.939
Lucena (PB);32,63%;13,03%;33,49%;20,85%;92%;26.939
Mãe d'Água (PB);32,63%;13,03%;33,49%;20,85%;92%;26.939
Malta (PB);32,63%;13,03%;33,49%;20,85%;92%;26.939
Mamanguape (PB);32,63%;13,03%;33,49%;20,85%;92%;26.939
Manaíra (PB);32,63%;13,03%;33,49%;20,85%;92%;26.939
Marcação (PB);32,63%;13,03%;33,49%;20,85%;92%;26.939
Mari (PB);32,63%;13,03%;33,49%;20,85%;92%;26.939
Marizópolis (PB);32,63%;13,03%;33,49%;20,85%;92%;26.939
Massaranduba (PB);32,63%;13,03%;33,49%;20,85%;92%;26.939
Mataraca (PB);32,63%;13,03%;33,49%;20,85%;92%;26.939
Matinhas (PB);32,63%;13,03%;33,49%;20,85%;92%;26.939
Mato Grosso (PB);32,63%;13,03%;33,49%;20,85%;92%;26.939
Maturéia (PB);32,63%;13,03%;33,49%;20,85%;92%;26.939
Mogeiro (PB);32,63%;13,03%;33,49%;20,85%;92%;26.939
Montadas (PB);32,63%;13,03%;33,49%;20,85%;92%;26.939
Monte Horebe (PB);32,63%;13,03%;33,49%;20,85%;92%;26.939
Monteiro (PB);32,63%;13,03%;33,49%;20,85%;92%;26.939
Mulungu (PB);32,63%;13,03%;33,49%;20,85%;92%;26.939
Natuba (PB);32,63%;13,03%;33,49%;20,85%;92%;26.939
Nazarezinho (PB);32,63%;13,03%;33,49%;20,85%;92%;26.939
Nova Floresta (PB);32,63%;13,03%;33,49%;20,85%;92%;26.939
Nova Olinda (PB);32,63%;13,03%;33,49%;20,85%;92%;26.939
Nova Palmeira (PB);32,63%;13,03%;33,49%;20,85%;92%;26.939
Olho d'Água (PB);32,63%;13,03%;33,49%;20,85%;92%;26.939
Olivedos (PB);32,63%;13,03%;33,49%;20,85%;92%;26.939
Ouro Velho (PB);32,63%;13,03%;33,49%;20,85%;92%;26.939
Parari (PB);32,63%;13,03%;33,49%;20,85%;92%;26.939
Passagem (PB);32,63%;13,03%;33,49%;20,85%;92%;26.939
Patos (PB);32,63%;13,03%;33,49%;20,85%;92%;26.939
Paulista (PB);32,63%;13,03%;33,49%;20,85%;92%;26.939
Pedra Branca (PB);32,63%;13,03%;33,49%;20,85%;92%;26.939
Pedra Lavrada (PB);32,63%;13,03%;33,49%;20,85%;92%;26.939
Pedras de Fogo (PB);32,63%;13,03%;33,49%;20,85%;92%;26.939
Piancó (PB);32,63%;13,03%;33,49%;20,85%;92%;26.939
Picuí (PB);32,63%;13,03%;33,49%;20,85%;92%;26.939
Pilar (PB);32,63%;13,03%;33,49%;20,85%;92%;26.939
Pilões (PB);32,63%;13,03%;33,49%;20,85%;92%;26.939
Pilõezinhos (PB);32,63%;13,03%;33,49%;20,85%;92%;26.939
Pirpirituba (PB);32,63%;13,03%;33,49%;20,85%;92%;26.939
Pitimbu (PB);32,63%;13,03%;33,49%;20,85%;92%;26.939
Pocinhos (PB);32,63%;13,03%;33,49%;20,85%;92%;26.939
Poço Dantas (PB);32,63%;13,03%;33,49%;20,85%;92%;26.939
Poço de José de Moura (PB);32,63%;13,03%;33,49%;20,85%;92%;26.939
Pombal (PB);32,63%;13,03%;33,49%;20,85%;92%;26.939
Prata (PB);32,63%;13,03%;33,49%;20,85%;92%;26.939
Princesa Isabel (PB);32,63%;13,03%;33,49%;20,85%;92%;26.939
Puxinanã (PB);32,63%;13,03%;33,49%;20,85%;92%;26.939
Queimadas (PB);32,63%;13,03%;33,49%;20,85%;92%;26.939
Quixaba (PB);32,63%;13,03%;33,49%;20,85%;92%;26.939
Remígio (PB);32,63%;13,03%;33,49%;20,85%;92%;26.939
Pedro Régis (PB);32,63%;13,03%;33,49%;20,85%;92%;26.939
Riachão (PB);32,63%;13,03%;33,49%;20,85%;92%;26.939
Riachão do Bacamarte (PB);32,63%;13,03%;33,49%;20,85%;92%;26.939
Riachão do Poço (PB);32,63%;13,03%;33,49%;20,85%;92%;26.939
Riacho de Santo Antônio (PB);32,63%;13,03%;33,49%;20,85%;92%;26.939
Riacho dos Cavalos (PB);32,63%;13,03%;33,49%;20,85%;92%;26.939
Rio Tinto (PB);32,63%;13,03%;33,49%;20,85%;92%;26.939
Salgadinho (PB);32,63%;13,03%;33,49%;20,85%;92%;26.939
Salgado de São Félix (PB);32,63%;13,03%;33,49%;20,85%;92%;26.939
Santa Cecília (PB);32,63%;13,03%;33,49%;20,85%;92%;26.939
Santa Cruz (PB);32,63%;13,03%;33,49%;20,85%;92%;26.939
Santa Helena (PB);32,63%;13,03%;33,49%;20,85%;92%;26.939
Santa Inês (PB);32,63%;13,03%;33,49%;20,85%;92%;26.939
Santa Luzia (PB);32,63%;13,03%;33,49%;20,85%;92%;26.939
Santana de Mangueira (PB);32,63%;13,03%;33,49%;20,85%;92%;26.939
Santana dos Garrotes (PB);32,63%;13,03%;33,49%;20,85%;92%;26.939
Joca Claudino (PB);32,63%;13,03%;33,49%;20,85%;92%;26.939
Santa Rita (PB);32,63%;13,03%;33,49%;20,85%;92%;26.939
Santa Teresinha (PB);32,63%;13,03%;33,49%;20,85%;92%;26.939
Santo André (PB);32,63%;13,03%;33,49%;20,85%;92%;26.939
São Bento (PB);32,63%;13,03%;33,49%;20,85%;92%;26.939
São Bentinho (PB);32,63%;13,03%;33,49%;20,85%;92%;26.939
São Domingos do Cariri (PB);32,63%;13,03%;33,49%;20,85%;92%;26.939
São Domingos (PB);32,63%;13,03%;33,49%;20,85%;92%;26.939
São Francisco (PB);32,63%;13,03%;33,49%;20,85%;92%;26.939
São João do Cariri (PB);32,63%;13,03%;33,49%;20,85%;92%;26.939
São João do Tigre (PB);32,63%;13,03%;33,49%;20,85%;92%;26.939
São José da Lagoa Tapada (PB);32,63%;13,03%;33,49%;20,85%;92%;26.939
São José de Caiana (PB);32,63%;13,03%;33,49%;20,85%;92%;26.939
São José de Espinharas (PB);32,63%;13,03%;33,49%;20,85%;92%;26.939
São José dos Ramos (PB);32,63%;13,03%;33,49%;20,85%;92%;26.939
São José de Piranhas (PB);32,63%;13,03%;33,49%;20,85%;92%;26.939
São José de Princesa (PB);32,63%;13,03%;33,49%;20,85%;92%;26.939
São José do Bonfim (PB);32,63%;13,03%;33,49%;20,85%;92%;26.939
São José do Brejo do Cruz (PB);32,63%;13,03%;33,49%;20,85%;92%;26.939
São José do Sabugi (PB);32,63%;13,03%;33,49%;20,85%;92%;26.939
São José dos Cordeiros (PB);32,63%;13,03%;33,49%;20,85%;92%;26.939
São Mamede (PB);32,63%;13,03%;33,49%;20,85%;92%;26.939
São Miguel de Taipu (PB);32,63%;13,03%;33,49%;20,85%;92%;26.939
São Sebastião de Lagoa de Roça (PB);32,63%;13,03%;33,49%;20,85%;92%;26.939
São Sebastião do Umbuzeiro (PB);32,63%;13,03%;33,49%;20,85%;92%;26.939
Sapé (PB);32,63%;13,03%;33,49%;20,85%;92%;26.939
São Vicente do Seridó (PB);32,63%;13,03%;33,49%;20,85%;92%;26.939
Serra Branca (PB);32,63%;13,03%;33,49%;20,85%;92%;26.939
Serra da Raiz (PB);32,63%;13,03%;33,49%;20,85%;92%;26.939
Serra Grande (PB);32,63%;13,03%;33,49%;20,85%;92%;26.939
Serra Redonda (PB);32,63%;13,03%;33,49%;20,85%;92%;26.939
Serraria (PB);32,63%;13,03%;33,49%;20,85%;92%;26.939
Sertãozinho (PB);32,63%;13,03%;33,49%;20,85%;92%;26.939
Sobrado (PB);32,63%;13,03%;33,49%;20,85%;92%;26.939
Solânea (PB);32,63%;13,03%;33,49%;20,85%;92%;26.939
Soledade (PB);32,63%;13,03%;33,49%;20,85%;92%;26.939
Sossêgo (PB);32,63%;13,03%;33,49%;20,85%;92%;26.939
Sousa (PB);32,63%;13,03%;33,49%;20,85%;92%;26.939
Sumé (PB);32,63%;13,03%;33,49%;20,85%;92%;26.939
Tacima (PB);32,63%;13,03%;33,49%;20,85%;92%;26.939
Taperoá (PB);32,63%;13,03%;33,49%;20,85%;92%;26.939
Tavares (PB);32,63%;13,03%;33,49%;20,85%;92%;26.939
Teixeira (PB);32,63%;13,03%;33,49%;20,85%;92%;26.939
Tenório (PB);32,63%;13,03%;33,49%;20,85%;92%;26.939
Triunfo (PB);32,63%;13,03%;33,49%;20,85%;92%;26.939
Uiraúna (PB);32,63%;13,03%;33,49%;20,85%;92%;26.939
Umbuzeiro (PB);32,63%;13,03%;33,49%;20,85%;92%;26.939
Várzea (PB);32,63%;13,03%;33,49%;20,85%;92%;26.939
Vieirópolis (PB);32,63%;13,03%;33,49%;20,85%;92%;26.939
Zabelê (PB);32,63%;13,03%;33,49%;20,85%;92%;26.939
Abreu e Lima (PE);32,63%;13,03%;33,49%;20,85%;92%;26.939
Afogados da Ingazeira (PE);32,63%;13,03%;33,49%;20,85%;92%;26.939
Afrânio (PE);32,63%;13,03%;33,49%;20,85%;92%;26.939
Agrestina (PE);32,63%;13,03%;33,49%;20,85%;92%;26.939
Água Preta (PE);32,63%;13,03%;33,49%;20,85%;92%;26.939
Águas Belas (PE);32,63%;13,03%;33,49%;20,85%;92%;26.939
Alagoinha (PE);32,63%;13,03%;33,49%;20,85%;92%;26.939
Aliança (PE);32,63%;13,03%;33,49%;20,85%;92%;26.939
Altinho (PE);32,63%;13,03%;33,49%;20,85%;92%;26.939
Amaraji (PE);32,63%;13,03%;33,49%;20,85%;92%;26.939
Angelim (PE);32,63%;13,03%;33,49%;20,85%;92%;26.939
Araçoiaba (PE);32,63%;13,03%;33,49%;20,85%;92%;26.939
Araripina (PE);32,63%;13,03%;33,49%;20,85%;92%;26.939
Arcoverde (PE);32,63%;13,03%;33,49%;20,85%;92%;26.939
Barra de Guabiraba (PE);32,63%;13,03%;33,49%;20,85%;92%;26.939
Barreiros (PE);32,63%;13,03%;33,49%;20,85%;92%;26.939
Belém de Maria (PE);32,63%;13,03%;33,49%;20,85%;92%;26.939
Belém do São Francisco (PE);32,63%;13,03%;33,49%;20,85%;92%;26.939
Belo Jardim (PE);32,63%;13,03%;33,49%;20,85%;92%;26.939
Betânia (PE);32,63%;13,03%;33,49%;20,85%;92%;26.939
Bezerros (PE);32,63%;13,03%;33,49%;20,85%;92%;26.939
Bodocó (PE);32,63%;13,03%;33,49%;20,85%;92%;26.939
Bom Conselho (PE);32,63%;13,03%;33,49%;20,85%;92%;26.939
Bom Jardim (PE);32,63%;13,03%;33,49%;20,85%;92%;26.939
Bonito (PE);32,63%;13,03%;33,49%;20,85%;92%;26.939
Brejão (PE);32,63%;13,03%;33,49%;20,85%;92%;26.939
Brejinho (PE);32,63%;13,03%;33,49%;20,85%;92%;26.939
Brejo da Madre de Deus (PE);32,63%;13,03%;33,49%;20,85%;92%;26.939
Buenos Aires (PE);32,63%;13,03%;33,49%;20,85%;92%;26.939
Buíque (PE);32,63%;13,03%;33,49%;20,85%;92%;26.939
Cabo de Santo Agostinho (PE);32,63%;13,03%;33,49%;20,85%;92%;26.939
Cabrobó (PE);32,63%;13,03%;33,49%;20,85%;92%;26.939
Cachoeirinha (PE);32,63%;13,03%;33,49%;20,85%;92%;26.939
Caetés (PE);32,63%;13,03%;33,49%;20,85%;92%;26.939
Calçado (PE);32,63%;13,03%;33,49%;20,85%;92%;26.939
Calumbi (PE);32,63%;13,03%;33,49%;20,85%;92%;26.939
Camaragibe (PE);32,63%;13,03%;33,49%;20,85%;92%;26.939
Camocim de São Félix (PE);32,63%;13,03%;33,49%;20,85%;92%;26.939
Camutanga (PE);32,63%;13,03%;33,49%;20,85%;92%;26.939
Canhotinho (PE);32,63%;13,03%;33,49%;20,85%;92%;26.939
Capoeiras (PE);32,63%;13,03%;33,49%;20,85%;92%;26.939
Carnaíba (PE);32,63%;13,03%;33,49%;20,85%;92%;26.939
Carnaubeira da Penha (PE);32,63%;13,03%;33,49%;20,85%;92%;26.939
Carpina (PE);32,63%;13,03%;33,49%;20,85%;92%;26.939
Caruaru (PE);32,63%;13,03%;33,49%;20,85%;92%;26.939
Casinhas (PE);32,63%;13,03%;33,49%;20,85%;92%;26.939
Catende (PE);32,63%;13,03%;33,49%;20,85%;92%;26.939
Cedro (PE);32,63%;13,03%;33,49%;20,85%;92%;26.939
Chã de Alegria (PE);32,63%;13,03%;33,49%;20,85%;92%;26.939
Chã Grande (PE);32,63%;13,03%;33,49%;20,85%;92%;26.939
Condado (PE);32,63%;13,03%;33,49%;20,85%;92%;26.939
Correntes (PE);32,63%;13,03%;33,49%;20,85%;92%;26.939
Cortês (PE);32,63%;13,03%;33,49%;20,85%;92%;26.939
Cumaru (PE);32,63%;13,03%;33,49%;20,85%;92%;26.939
Cupira (PE);32,63%;13,03%;33,49%;20,85%;92%;26.939
Custódia (PE);32,63%;13,03%;33,49%;20,85%;92%;26.939
Dormentes (PE);32,63%;13,03%;33,49%;20,85%;92%;26.939
Escada (PE);32,63%;13,03%;33,49%;20,85%;92%;26.939
Exu (PE);32,63%;13,03%;33,49%;20,85%;92%;26.939
Feira Nova (PE);32,63%;13,03%;33,49%;20,85%;92%;26.939
Fernando de Noronha (PE);32,63%;13,03%;33,49%;20,85%;92%;26.939
Ferreiros (PE);32,63%;13,03%;33,49%;20,85%;92%;26.939
Flores (PE);32,63%;13,03%;33,49%;20,85%;92%;26.939
Floresta (PE);32,63%;13,03%;33,49%;20,85%;92%;26.939
Frei Miguelinho (PE);32,63%;13,03%;33,49%;20,85%;92%;26.939
Gameleira (PE);32,63%;13,03%;33,49%;20,85%;92%;26.939
Garanhuns (PE);32,63%;13,03%;33,49%;20,85%;92%;26.939
Glória do Goitá (PE);32,63%;13,03%;33,49%;20,85%;92%;26.939
Goiana (PE);32,63%;13,03%;33,49%;20,85%;92%;26.939
Granito (PE);32,63%;13,03%;33,49%;20,85%;92%;26.939
Gravatá (PE);32,63%;13,03%;33,49%;20,85%;92%;26.939
Iati (PE);32,63%;13,03%;33,49%;20,85%;92%;26.939
Ibimirim (PE);32,63%;13,03%;33,49%;20,85%;92%;26.939
Ibirajuba (PE);32,63%;13,03%;33,49%;20,85%;92%;26.939
Igarassu (PE);32,63%;13,03%;33,49%;20,85%;92%;26.939
Iguaracy (PE);32,63%;13,03%;33,49%;20,85%;92%;26.939
Inajá (PE);32,63%;13,03%;33,49%;20,85%;92%;26.939
Ingazeira (PE);32,63%;13,03%;33,49%;20,85%;92%;26.939
Ipojuca (PE);32,63%;13,03%;33,49%;20,85%;92%;26.939
Ipubi (PE);32,63%;13,03%;33,49%;20,85%;92%;26.939
Itacuruba (PE);32,63%;13,03%;33,49%;20,85%;92%;26.939
Itaíba (PE);32,63%;13,03%;33,49%;20,85%;92%;26.939
Ilha de Itamaracá (PE);32,63%;13,03%;33,49%;20,85%;92%;26.939
Itambé (PE);32,63%;13,03%;33,49%;20,85%;92%;26.939
Itapetim (PE);32,63%;13,03%;33,49%;20,85%;92%;26.939
Itapissuma (PE);32,63%;13,03%;33,49%;20,85%;92%;26.939
Itaquitinga (PE);32,63%;13,03%;33,49%;20,85%;92%;26.939
Jaboatão dos Guararapes (PE);32,63%;13,03%;33,49%;20,85%;92%;26.939
Jaqueira (PE);32,63%;13,03%;33,49%;20,85%;92%;26.939
Jataúba (PE);32,63%;13,03%;33,49%;20,85%;92%;26.939
Jatobá (PE);32,63%;13,03%;33,49%;20,85%;92%;26.939
João Alfredo (PE);32,63%;13,03%;33,49%;20,85%;92%;26.939
Joaquim Nabuco (PE);32,63%;13,03%;33,49%;20,85%;92%;26.939
Jucati (PE);32,63%;13,03%;33,49%;20,85%;92%;26.939
Jupi (PE);32,63%;13,03%;33,49%;20,85%;92%;26.939
Jurema (PE);32,63%;13,03%;33,49%;20,85%;92%;26.939
Lagoa do Carro (PE);32,63%;13,03%;33,49%;20,85%;92%;26.939
Lagoa de Itaenga (PE);32,63%;13,03%;33,49%;20,85%;92%;26.939
Lagoa do Ouro (PE);32,63%;13,03%;33,49%;20,85%;92%;26.939
Lagoa dos Gatos (PE);32,63%;13,03%;33,49%;20,85%;92%;26.939
Lagoa Grande (PE);32,63%;13,03%;33,49%;20,85%;92%;26.939
Lajedo (PE);32,63%;13,03%;33,49%;20,85%;92%;26.939
Limoeiro (PE);32,63%;13,03%;33,49%;20,85%;92%;26.939
Macaparana (PE);32,63%;13,03%;33,49%;20,85%;92%;26.939
Machados (PE);32,63%;13,03%;33,49%;20,85%;92%;26.939
Manari (PE);32,63%;13,03%;33,49%;20,85%;92%;26.939
Maraial (PE);32,63%;13,03%;33,49%;20,85%;92%;26.939
Mirandiba (PE);32,63%;13,03%;33,49%;20,85%;92%;26.939
Moreno (PE);32,63%;13,03%;33,49%;20,85%;92%;26.939
Nazaré da Mata (PE);32,63%;13,03%;33,49%;20,85%;92%;26.939
Olinda (PE);32,63%;13,03%;33,49%;20,85%;92%;26.939
Orobó (PE);32,63%;13,03%;33,49%;20,85%;92%;26.939
Orocó (PE);32,63%;13,03%;33,49%;20,85%;92%;26.939
Ouricuri (PE);32,63%;13,03%;33,49%;20,85%;92%;26.939
Palmares (PE);32,63%;13,03%;33,49%;20,85%;92%;26.939
Palmeirina (PE);32,63%;13,03%;33,49%;20,85%;92%;26.939
Panelas (PE);32,63%;13,03%;33,49%;20,85%;92%;26.939
Paranatama (PE);32,63%;13,03%;33,49%;20,85%;92%;26.939
Parnamirim (PE);32,63%;13,03%;33,49%;20,85%;92%;26.939
Passira (PE);32,63%;13,03%;33,49%;20,85%;92%;26.939
Paudalho (PE);32,63%;13,03%;33,49%;20,85%;92%;26.939
Paulista (PE);32,63%;13,03%;33,49%;20,85%;92%;26.939
Pedra (PE);32,63%;13,03%;33,49%;20,85%;92%;26.939
Pesqueira (PE);32,63%;13,03%;33,49%;20,85%;92%;26.939
Petrolândia (PE);32,63%;13,03%;33,49%;20,85%;92%;26.939
Petrolina (PE);32,63%;13,03%;33,49%;20,85%;92%;26.939
Poção (PE);32,63%;13,03%;33,49%;20,85%;92%;26.939
Pombos (PE);32,63%;13,03%;33,49%;20,85%;92%;26.939
Primavera (PE);32,63%;13,03%;33,49%;20,85%;92%;26.939
Quipapá (PE);32,63%;13,03%;33,49%;20,85%;92%;26.939
Quixaba (PE);32,63%;13,03%;33,49%;20,85%;92%;26.939
Recife (PE);32,63%;13,03%;33,49%;20,85%;92%;26.939
Riacho das Almas (PE);32,63%;13,03%;33,49%;20,85%;92%;26.939
Ribeirão (PE);32,63%;13,03%;33,49%;20,85%;92%;26.939
Rio Formoso (PE);32,63%;13,03%;33,49%;20,85%;92%;26.939
Sairé (PE);32,63%;13,03%;33,49%;20,85%;92%;26.939
Salgadinho (PE);32,63%;13,03%;33,49%;20,85%;92%;26.939
Salgueiro (PE);32,63%;13,03%;33,49%;20,85%;92%;26.939
Saloá (PE);32,63%;13,03%;33,49%;20,85%;92%;26.939
Sanharó (PE);32,63%;13,03%;33,49%;20,85%;92%;26.939
Santa Cruz (PE);32,63%;13,03%;33,49%;20,85%;92%;26.939
Santa Cruz da Baixa Verde (PE);32,63%;13,03%;33,49%;20,85%;92%;26.939
Santa Cruz do Capibaribe (PE);32,63%;13,03%;33,49%;20,85%;92%;26.939
Santa Filomena (PE);32,63%;13,03%;33,49%;20,85%;92%;26.939
Santa Maria da Boa Vista (PE);32,63%;13,03%;33,49%;20,85%;92%;26.939
Santa Maria do Cambucá (PE);32,63%;13,03%;33,49%;20,85%;92%;26.939
Santa Terezinha (PE);32,63%;13,03%;33,49%;20,85%;92%;26.939
São Benedito do Sul (PE);32,63%;13,03%;33,49%;20,85%;92%;26.939
São Bento do Una (PE);32,63%;13,03%;33,49%;20,85%;92%;26.939
São Caitano (PE);32,63%;13,03%;33,49%;20,85%;92%;26.939
São João (PE);32,63%;13,03%;33,49%;20,85%;92%;26.939
São Joaquim do Monte (PE);32,63%;13,03%;33,49%;20,85%;92%;26.939
São José da Coroa Grande (PE);32,63%;13,03%;33,49%;20,85%;92%;26.939
São José do Belmonte (PE);32,63%;13,03%;33,49%;20,85%;92%;26.939
São José do Egito (PE);32,63%;13,03%;33,49%;20,85%;92%;26.939
São Lourenço da Mata (PE);32,63%;13,03%;33,49%;20,85%;92%;26.939
São Vicente Férrer (PE);32,63%;13,03%;33,49%;20,85%;92%;26.939
Serra Talhada (PE);32,63%;13,03%;33,49%;20,85%;92%;26.939
Serrita (PE);32,63%;13,03%;33,49%;20,85%;92%;26.939
Sertânia (PE);32,63%;13,03%;33,49%;20,85%;92%;26.939
Sirinhaém (PE);32,63%;13,03%;33,49%;20,85%;92%;26.939
Moreilândia (PE);32,63%;13,03%;33,49%;20,85%;92%;26.939
Solidão (PE);32,63%;13,03%;33,49%;20,85%;92%;26.939
Surubim (PE);32,63%;13,03%;33,49%;20,85%;92%;26.939
Tabira (PE);32,63%;13,03%;33,49%;20,85%;92%;26.939
Tacaimbó (PE);32,63%;13,03%;33,49%;20,85%;92%;26.939
Tacaratu (PE);32,63%;13,03%;33,49%;20,85%;92%;26.939
Tamandaré (PE);32,63%;13,03%;33,49%;20,85%;92%;26.939
Taquaritinga do Norte (PE);32,63%;13,03%;33,49%;20,85%;92%;26.939
Terezinha (PE);32,63%;13,03%;33,49%;20,85%;92%;26.939
Terra Nova (PE);32,63%;13,03%;33,49%;20,85%;92%;26.939
Timbaúba (PE);32,63%;13,03%;33,49%;20,85%;92%;26.939
Toritama (PE);32,63%;13,03%;33,49%;20,85%;92%;26.939
Tracunhaém (PE);32,63%;13,03%;33,49%;20,85%;92%;26.939
Trindade (PE);32,63%;13,03%;33,49%;20,85%;92%;26.939
Triunfo (PE);32,63%;13,03%;33,49%;20,85%;92%;26.939
Tupanatinga (PE);32,63%;13,03%;33,49%;20,85%;92%;26.939
Tuparetama (PE);32,63%;13,03%;33,49%;20,85%;92%;26.939
Venturosa (PE);32,63%;13,03%;33,49%;20,85%;92%;26.939
Verdejante (PE);32,63%;13,03%;33,49%;20,85%;92%;26.939
Vertente do Lério (PE);32,63%;13,03%;33,49%;20,85%;92%;26.939
Vertentes (PE);32,63%;13,03%;33,49%;20,85%;92%;26.939
Vicência (PE);32,63%;13,03%;33,49%;20,85%;92%;26.939
Vitória de Santo Antão (PE);32,63%;13,03%;33,49%;20,85%;92%;26.939
Xexéu (PE);32,63%;13,03%;33,49%;20,85%;92%;26.939
Acauã (PI);32,63%;13,03%;33,49%;20,85%;92%;26.939
Agricolândia (PI);32,63%;13,03%;33,49%;20,85%;92%;26.939
Água Branca (PI);32,63%;13,03%;33,49%;20,85%;92%;26.939
Alagoinha do Piauí (PI);32,63%;13,03%;33,49%;20,85%;92%;26.939
Alegrete do Piauí (PI);32,63%;13,03%;33,49%;20,85%;92%;26.939
Alto Longá (PI);32,63%;13,03%;33,49%;20,85%;92%;26.939
Altos (PI);32,63%;13,03%;33,49%;20,85%;92%;26.939
Alvorada do Gurguéia (PI);32,63%;13,03%;33,49%;20,85%;92%;26.939
Amarante (PI);32,63%;13,03%;33,49%;20,85%;92%;26.939
Angical do Piauí (PI);32,63%;13,03%;33,49%;20,85%;92%;26.939
Anísio de Abreu (PI);32,63%;13,03%;33,49%;20,85%;92%;26.939
Antônio Almeida (PI);32,63%;13,03%;33,49%;20,85%;92%;26.939
Aroazes (PI);32,63%;13,03%;33,49%;20,85%;92%;26.939
Aroeiras do Itaim (PI);32,63%;13,03%;33,49%;20,85%;92%;26.939
Arraial (PI);32,63%;13,03%;33,49%;20,85%;92%;26.939
Assunção do Piauí (PI);32,63%;13,03%;33,49%;20,85%;92%;26.939
Avelino Lopes (PI);32,63%;13,03%;33,49%;20,85%;92%;26.939
Baixa Grande do Ribeiro (PI);32,63%;13,03%;33,49%;20,85%;92%;26.939
Barra D'Alcântara (PI);32,63%;13,03%;33,49%;20,85%;92%;26.939
Barras (PI);32,63%;13,03%;33,49%;20,85%;92%;26.939
Barreiras do Piauí (PI);32,63%;13,03%;33,49%;20,85%;92%;26.939
Barro Duro (PI);32,63%;13,03%;33,49%;20,85%;92%;26.939
Batalha (PI);32,63%;13,03%;33,49%;20,85%;92%;26.939
Bela Vista do Piauí (PI);32,63%;13,03%;33,49%;20,85%;92%;26.939
Belém do Piauí (PI);32,63%;13,03%;33,49%;20,85%;92%;26.939
Beneditinos (PI);32,63%;13,03%;33,49%;20,85%;92%;26.939
Bertolínia (PI);32,63%;13,03%;33,49%;20,85%;92%;26.939
Betânia do Piauí (PI);32,63%;13,03%;33,49%;20,85%;92%;26.939
Boa Hora (PI);32,63%;13,03%;33,49%;20,85%;92%;26.939
Bocaina (PI);32,63%;13,03%;33,49%;20,85%;92%;26.939
Bom Jesus (PI);32,63%;13,03%;33,49%;20,85%;92%;26.939
Bom Princípio do Piauí (PI);32,63%;13,03%;33,49%;20,85%;92%;26.939
Bonfim do Piauí (PI);32,63%;13,03%;33,49%;20,85%;92%;26.939
Boqueirão do Piauí (PI);32,63%;13,03%;33,49%;20,85%;92%;26.939
Brasileira (PI);32,63%;13,03%;33,49%;20,85%;92%;26.939
Brejo do Piauí (PI);32,63%;13,03%;33,49%;20,85%;92%;26.939
Buriti dos Lopes (PI);32,63%;13,03%;33,49%;20,85%;92%;26.939
Buriti dos Montes (PI);32,63%;13,03%;33,49%;20,85%;92%;26.939
Cabeceiras do Piauí (PI);32,63%;13,03%;33,49%;20,85%;92%;26.939
Cajazeiras do Piauí (PI);32,63%;13,03%;33,49%;20,85%;92%;26.939
Cajueiro da Praia (PI);32,63%;13,03%;33,49%;20,85%;92%;26.939
Caldeirão Grande do Piauí (PI);32,63%;13,03%;33,49%;20,85%;92%;26.939
Campinas do Piauí (PI);32,63%;13,03%;33,49%;20,85%;92%;26.939
Campo Alegre do Fidalgo (PI);32,63%;13,03%;33,49%;20,85%;92%;26.939
Campo Grande do Piauí (PI);32,63%;13,03%;33,49%;20,85%;92%;26.939
Campo Largo do Piauí (PI);32,63%;13,03%;33,49%;20,85%;92%;26.939
Campo Maior (PI);32,63%;13,03%;33,49%;20,85%;92%;26.939
Canavieira (PI);32,63%;13,03%;33,49%;20,85%;92%;26.939
Canto do Buriti (PI);32,63%;13,03%;33,49%;20,85%;92%;26.939
Capitão de Campos (PI);32,63%;13,03%;33,49%;20,85%;92%;26.939
Capitão Gervásio Oliveira (PI);32,63%;13,03%;33,49%;20,85%;92%;26.939
Caracol (PI);32,63%;13,03%;33,49%;20,85%;92%;26.939
Caraúbas do Piauí (PI);32,63%;13,03%;33,49%;20,85%;92%;26.939
Caridade do Piauí (PI);32,63%;13,03%;33,49%;20,85%;92%;26.939
Castelo do Piauí (PI);32,63%;13,03%;33,49%;20,85%;92%;26.939
Caxingó (PI);32,63%;13,03%;33,49%;20,85%;92%;26.939
Cocal (PI);32,63%;13,03%;33,49%;20,85%;92%;26.939
Cocal de Telha (PI);32,63%;13,03%;33,49%;20,85%;92%;26.939
Cocal dos Alves (PI);32,63%;13,03%;33,49%;20,85%;92%;26.939
Coivaras (PI);32,63%;13,03%;33,49%;20,85%;92%;26.939
Colônia do Gurguéia (PI);32,63%;13,03%;33,49%;20,85%;92%;26.939
Colônia do Piauí (PI);32,63%;13,03%;33,49%;20,85%;92%;26.939
Conceição do Canindé (PI);32,63%;13,03%;33,49%;20,85%;92%;26.939
Coronel José Dias (PI);32,63%;13,03%;33,49%;20,85%;92%;26.939
Corrente (PI);32,63%;13,03%;33,49%;20,85%;92%;26.939
Cristalândia do Piauí (PI);32,63%;13,03%;33,49%;20,85%;92%;26.939
Cristino Castro (PI);32,63%;13,03%;33,49%;20,85%;92%;26.939
Curimatá (PI);32,63%;13,03%;33,49%;20,85%;92%;26.939
Currais (PI);32,63%;13,03%;33,49%;20,85%;92%;26.939
Curralinhos (PI);32,63%;13,03%;33,49%;20,85%;92%;26.939
Curral Novo do Piauí (PI);32,63%;13,03%;33,49%;20,85%;92%;26.939
Demerval Lobão (PI);32,63%;13,03%;33,49%;20,85%;92%;26.939
Dirceu Arcoverde (PI);32,63%;13,03%;33,49%;20,85%;92%;26.939
Dom Expedito Lopes (PI);32,63%;13,03%;33,49%;20,85%;92%;26.939
Domingos Mourão (PI);32,63%;13,03%;33,49%;20,85%;92%;26.939
Dom Inocêncio (PI);32,63%;13,03%;33,49%;20,85%;92%;26.939
Elesbão Veloso (PI);32,63%;13,03%;33,49%;20,85%;92%;26.939
Eliseu Martins (PI);32,63%;13,03%;33,49%;20,85%;92%;26.939
Esperantina (PI);32,63%;13,03%;33,49%;20,85%;92%;26.939
Fartura do Piauí (PI);32,63%;13,03%;33,49%;20,85%;92%;26.939
Flores do Piauí (PI);32,63%;13,03%;33,49%;20,85%;92%;26.939
Floresta do Piauí (PI);32,63%;13,03%;33,49%;20,85%;92%;26.939
Floriano (PI);32,63%;13,03%;33,49%;20,85%;92%;26.939
Francinópolis (PI);32,63%;13,03%;33,49%;20,85%;92%;26.939
Francisco Ayres (PI);32,63%;13,03%;33,49%;20,85%;92%;26.939
Francisco Macedo (PI);32,63%;13,03%;33,49%;20,85%;92%;26.939
Francisco Santos (PI);32,63%;13,03%;33,49%;20,85%;92%;26.939
Fronteiras (PI);32,63%;13,03%;33,49%;20,85%;92%;26.939
Geminiano (PI);32,63%;13,03%;33,49%;20,85%;92%;26.939
Gilbués (PI);32,63%;13,03%;33,49%;20,85%;92%;26.939
Guadalupe (PI);32,63%;13,03%;33,49%;20,85%;92%;26.939
Guaribas (PI);32,63%;13,03%;33,49%;20,85%;92%;26.939
Hugo Napoleão (PI);32,63%;13,03%;33,49%;20,85%;92%;26.939
Ilha Grande (PI);32,63%;13,03%;33,49%;20,85%;92%;26.939
Inhuma (PI);32,63%;13,03%;33,49%;20,85%;92%;26.939
Ipiranga do Piauí (PI);32,63%;13,03%;33,49%;20,85%;92%;26.939
Isaías Coelho (PI);32,63%;13,03%;33,49%;20,85%;92%;26.939
Itainópolis (PI);32,63%;13,03%;33,49%;20,85%;92%;26.939
Itaueira (PI);32,63%;13,03%;33,49%;20,85%;92%;26.939
Jacobina do Piauí (PI);32,63%;13,03%;33,49%;20,85%;92%;26.939
Jaicós (PI);32,63%;13,03%;33,49%;20,85%;92%;26.939
Jardim do Mulato (PI);32,63%;13,03%;33,49%;20,85%;92%;26.939
Jatobá do Piauí (PI);32,63%;13,03%;33,49%;20,85%;92%;26.939
Jerumenha (PI);32,63%;13,03%;33,49%;20,85%;92%;26.939
João Costa (PI);32,63%;13,03%;33,49%;20,85%;92%;26.939
Joaquim Pires (PI);32,63%;13,03%;33,49%;20,85%;92%;26.939
Joca Marques (PI);32,63%;13,03%;33,49%;20,85%;92%;26.939
José de Freitas (PI);32,63%;13,03%;33,49%;20,85%;92%;26.939
Juazeiro do Piauí (PI);32,63%;13,03%;33,49%;20,85%;92%;26.939
Júlio Borges (PI);32,63%;13,03%;33,49%;20,85%;92%;26.939
Jurema (PI);32,63%;13,03%;33,49%;20,85%;92%;26.939
Lagoinha do Piauí (PI);32,63%;13,03%;33,49%;20,85%;92%;26.939
Lagoa Alegre (PI);32,63%;13,03%;33,49%;20,85%;92%;26.939
Lagoa do Barro do Piauí (PI);32,63%;13,03%;33,49%;20,85%;92%;26.939
Lagoa de São Francisco (PI);32,63%;13,03%;33,49%;20,85%;92%;26.939
Lagoa do Piauí (PI);32,63%;13,03%;33,49%;20,85%;92%;26.939
Lagoa do Sítio (PI);32,63%;13,03%;33,49%;20,85%;92%;26.939
Landri Sales (PI);32,63%;13,03%;33,49%;20,85%;92%;26.939
Luís Correia (PI);32,63%;13,03%;33,49%;20,85%;92%;26.939
Luzilândia (PI);32,63%;13,03%;33,49%;20,85%;92%;26.939
Madeiro (PI);32,63%;13,03%;33,49%;20,85%;92%;26.939
Manoel Emídio (PI);32,63%;13,03%;33,49%;20,85%;92%;26.939
Marcolândia (PI);32,63%;13,03%;33,49%;20,85%;92%;26.939
Marcos Parente (PI);32,63%;13,03%;33,49%;20,85%;92%;26.939
Massapê do Piauí (PI);32,63%;13,03%;33,49%;20,85%;92%;26.939
Matias Olímpio (PI);32,63%;13,03%;33,49%;20,85%;92%;26.939
Miguel Alves (PI);32,63%;13,03%;33,49%;20,85%;92%;26.939
Miguel Leão (PI);32,63%;13,03%;33,49%;20,85%;92%;26.939
Milton Brandão (PI);32,63%;13,03%;33,49%;20,85%;92%;26.939
Monsenhor Gil (PI);32,63%;13,03%;33,49%;20,85%;92%;26.939
Monsenhor Hipólito (PI);32,63%;13,03%;33,49%;20,85%;92%;26.939
Monte Alegre do Piauí (PI);32,63%;13,03%;33,49%;20,85%;92%;26.939
Morro Cabeça no Tempo (PI);32,63%;13,03%;33,49%;20,85%;92%;26.939
Morro do Chapéu do Piauí (PI);32,63%;13,03%;33,49%;20,85%;92%;26.939
Murici dos Portelas (PI);32,63%;13,03%;33,49%;20,85%;92%;26.939
Nazaré do Piauí (PI);32,63%;13,03%;33,49%;20,85%;92%;26.939
Nazária (PI);32,63%;13,03%;33,49%;20,85%;92%;26.939
Nossa Senhora de Nazaré (PI);32,63%;13,03%;33,49%;20,85%;92%;26.939
Nossa Senhora dos Remédios (PI);32,63%;13,03%;33,49%;20,85%;92%;26.939
Novo Oriente do Piauí (PI);32,63%;13,03%;33,49%;20,85%;92%;26.939
Novo Santo Antônio (PI);32,63%;13,03%;33,49%;20,85%;92%;26.939
Oeiras (PI);32,63%;13,03%;33,49%;20,85%;92%;26.939
Olho D'Água do Piauí (PI);32,63%;13,03%;33,49%;20,85%;92%;26.939
Padre Marcos (PI);32,63%;13,03%;33,49%;20,85%;92%;26.939
Paes Landim (PI);32,63%;13,03%;33,49%;20,85%;92%;26.939
Pajeú do Piauí (PI);32,63%;13,03%;33,49%;20,85%;92%;26.939
Palmeira do Piauí (PI);32,63%;13,03%;33,49%;20,85%;92%;26.939
Palmeirais (PI);32,63%;13,03%;33,49%;20,85%;92%;26.939
Paquetá (PI);32,63%;13,03%;33,49%;20,85%;92%;26.939
Parnaguá (PI);32,63%;13,03%;33,49%;20,85%;92%;26.939
Parnaíba (PI);32,63%;13,03%;33,49%;20,85%;92%;26.939
Passagem Franca do Piauí (PI);32,63%;13,03%;33,49%;20,85%;92%;26.939
Patos do Piauí (PI);32,63%;13,03%;33,49%;20,85%;92%;26.939
Pau D'Arco do Piauí (PI);32,63%;13,03%;33,49%;20,85%;92%;26.939
Paulistana (PI);32,63%;13,03%;33,49%;20,85%;92%;26.939
Pavussu (PI);32,63%;13,03%;33,49%;20,85%;92%;26.939
Pedro II (PI);32,63%;13,03%;33,49%;20,85%;92%;26.939
Pedro Laurentino (PI);32,63%;13,03%;33,49%;20,85%;92%;26.939
Nova Santa Rita (PI);32,63%;13,03%;33,49%;20,85%;92%;26.939
Picos (PI);32,63%;13,03%;33,49%;20,85%;92%;26.939
Pimenteiras (PI);32,63%;13,03%;33,49%;20,85%;92%;26.939
Pio IX (PI);32,63%;13,03%;33,49%;20,85%;92%;26.939
Piracuruca (PI);32,63%;13,03%;33,49%;20,85%;92%;26.939
Piripiri (PI);32,63%;13,03%;33,49%;20,85%;92%;26.939
Porto (PI);32,63%;13,03%;33,49%;20,85%;92%;26.939
Porto Alegre do Piauí (PI);32,63%;13,03%;33,49%;20,85%;92%;26.939
Prata do Piauí (PI);32,63%;13,03%;33,49%;20,85%;92%;26.939
Queimada Nova (PI);32,63%;13,03%;33,49%;20,85%;92%;26.939
Redenção do Gurguéia (PI);32,63%;13,03%;33,49%;20,85%;92%;26.939
Regeneração (PI);32,63%;13,03%;33,49%;20,85%;92%;26.939
Riacho Frio (PI);32,63%;13,03%;33,49%;20,85%;92%;26.939
Ribeira do Piauí (PI);32,63%;13,03%;33,49%;20,85%;92%;26.939
Ribeiro Gonçalves (PI);32,63%;13,03%;33,49%;20,85%;92%;26.939
Rio Grande do Piauí (PI);32,63%;13,03%;33,49%;20,85%;92%;26.939
Santa Cruz do Piauí (PI);32,63%;13,03%;33,49%;20,85%;92%;26.939
Santa Cruz dos Milagres (PI);32,63%;13,03%;33,49%;20,85%;92%;26.939
Santa Filomena (PI);32,63%;13,03%;33,49%;20,85%;92%;26.939
Santa Luz (PI);32,63%;13,03%;33,49%;20,85%;92%;26.939
Santana do Piauí (PI);32,63%;13,03%;33,49%;20,85%;92%;26.939
Santa Rosa do Piauí (PI);32,63%;13,03%;33,49%;20,85%;92%;26.939
Santo Antônio de Lisboa (PI);32,63%;13,03%;33,49%;20,85%;92%;26.939
Santo Antônio dos Milagres (PI);32,63%;13,03%;33,49%;20,85%;92%;26.939
Santo Inácio do Piauí (PI);32,63%;13,03%;33,49%;20,85%;92%;26.939
São Braz do Piauí (PI);32,63%;13,03%;33,49%;20,85%;92%;26.939
São Félix do Piauí (PI);32,63%;13,03%;33,49%;20,85%;92%;26.939
São Francisco de Assis do Piauí (PI);32,63%;13,03%;33,49%;20,85%;92%;26.939
São Francisco do Piauí (PI);32,63%;13,03%;33,49%;20,85%;92%;26.939
São Gonçalo do Gurguéia (PI);32,63%;13,03%;33,49%;20,85%;92%;26.939
São Gonçalo do Piauí (PI);32,63%;13,03%;33,49%;20,85%;92%;26.939
São João da Canabrava (PI);32,63%;13,03%;33,49%;20,85%;92%;26.939
São João da Fronteira (PI);32,63%;13,03%;33,49%;20,85%;92%;26.939
São João da Serra (PI);32,63%;13,03%;33,49%;20,85%;92%;26.939
São João da Varjota (PI);32,63%;13,03%;33,49%;20,85%;92%;26.939
São João do Arraial (PI);32,63%;13,03%;33,49%;20,85%;92%;26.939
São João do Piauí (PI);32,63%;13,03%;33,49%;20,85%;92%;26.939
São José do Divino (PI);32,63%;13,03%;33,49%;20,85%;92%;26.939
São José do Peixe (PI);32,63%;13,03%;33,49%;20,85%;92%;26.939
São José do Piauí (PI);32,63%;13,03%;33,49%;20,85%;92%;26.939
São Julião (PI);32,63%;13,03%;33,49%;20,85%;92%;26.939
São Lourenço do Piauí (PI);32,63%;13,03%;33,49%;20,85%;92%;26.939
São Luis do Piauí (PI);32,63%;13,03%;33,49%;20,85%;92%;26.939
São Miguel da Baixa Grande (PI);32,63%;13,03%;33,49%;20,85%;92%;26.939
São Miguel do Fidalgo (PI);32,63%;13,03%;33,49%;20,85%;92%;26.939
São Miguel do Tapuio (PI);32,63%;13,03%;33,49%;20,85%;92%;26.939
São Pedro do Piauí (PI);32,63%;13,03%;33,49%;20,85%;92%;26.939
São Raimundo Nonato (PI);32,63%;13,03%;33,49%;20,85%;92%;26.939
Sebastião Barros (PI);32,63%;13,03%;33,49%;20,85%;92%;26.939
Sebastião Leal (PI);32,63%;13,03%;33,49%;20,85%;92%;26.939
Sigefredo Pacheco (PI);32,63%;13,03%;33,49%;20,85%;92%;26.939
Simões (PI);32,63%;13,03%;33,49%;20,85%;92%;26.939
Simplício Mendes (PI);32,63%;13,03%;33,49%;20,85%;92%;26.939
Socorro do Piauí (PI);32,63%;13,03%;33,49%;20,85%;92%;26.939
Sussuapara (PI);32,63%;13,03%;33,49%;20,85%;92%;26.939
Tamboril do Piauí (PI);32,63%;13,03%;33,49%;20,85%;92%;26.939
Tanque do Piauí (PI);32,63%;13,03%;33,49%;20,85%;92%;26.939
Teresina (PI);32,63%;13,03%;33,49%;20,85%;92%;26.939
União (PI);32,63%;13,03%;33,49%;20,85%;92%;26.939
Uruçuí (PI);32,63%;13,03%;33,49%;20,85%;92%;26.939
Valença do Piauí (PI);32,63%;13,03%;33,49%;20,85%;92%;26.939
Várzea Branca (PI);32,63%;13,03%;33,49%;20,85%;92%;26.939
Várzea Grande (PI);32,63%;13,03%;33,49%;20,85%;92%;26.939
Vera Mendes (PI);32,63%;13,03%;33,49%;20,85%;92%;26.939
Vila Nova do Piauí (PI);32,63%;13,03%;33,49%;20,85%;92%;26.939
Wall Ferraz (PI);32,63%;13,03%;33,49%;20,85%;92%;26.939
Acari (RN);32,63%;13,03%;33,49%;20,85%;92%;26.939
Açu (RN);32,63%;13,03%;33,49%;20,85%;92%;26.939
Afonso Bezerra (RN);32,63%;13,03%;33,49%;20,85%;92%;26.939
Água Nova (RN);32,63%;13,03%;33,49%;20,85%;92%;26.939
Alexandria (RN);32,63%;13,03%;33,49%;20,85%;92%;26.939
Almino Afonso (RN);32,63%;13,03%;33,49%;20,85%;92%;26.939
Alto do Rodrigues (RN);32,63%;13,03%;33,49%;20,85%;92%;26.939
Angicos (RN);32,63%;13,03%;33,49%;20,85%;92%;26.939
Antônio Martins (RN);32,63%;13,03%;33,49%;20,85%;92%;26.939
Apodi (RN);32,63%;13,03%;33,49%;20,85%;92%;26.939
Areia Branca (RN);32,63%;13,03%;33,49%;20,85%;92%;26.939
Arês (RN);32,63%;13,03%;33,49%;20,85%;92%;26.939
Augusto Severo (RN);32,63%;13,03%;33,49%;20,85%;92%;26.939
Baía Formosa (RN);32,63%;13,03%;33,49%;20,85%;92%;26.939
Baraúna (RN);32,63%;13,03%;33,49%;20,85%;92%;26.939
Barcelona (RN);32,63%;13,03%;33,49%;20,85%;92%;26.939
Bento Fernandes (RN);32,63%;13,03%;33,49%;20,85%;92%;26.939
Bodó (RN);32,63%;13,03%;33,49%;20,85%;92%;26.939
Bom Jesus (RN);32,63%;13,03%;33,49%;20,85%;92%;26.939
Brejinho (RN);32,63%;13,03%;33,49%;20,85%;92%;26.939
Caiçara do Norte (RN);32,63%;13,03%;33,49%;20,85%;92%;26.939
Caiçara do Rio do Vento (RN);32,63%;13,03%;33,49%;20,85%;92%;26.939
Caicó (RN);32,63%;13,03%;33,49%;20,85%;92%;26.939
Campo Redondo (RN);32,63%;13,03%;33,49%;20,85%;92%;26.939
Canguaretama (RN);32,63%;13,03%;33,49%;20,85%;92%;26.939
Caraúbas (RN);32,63%;13,03%;33,49%;20,85%;92%;26.939
Carnaúba dos Dantas (RN);32,63%;13,03%;33,49%;20,85%;92%;26.939
Carnaubais (RN);32,63%;13,03%;33,49%;20,85%;92%;26.939
Ceará-Mirim (RN);32,63%;13,03%;33,49%;20,85%;92%;26.939
Cerro Corá (RN);32,63%;13,03%;33,49%;20,85%;92%;26.939
Coronel Ezequiel (RN);32,63%;13,03%;33,49%;20,85%;92%;26.939
Coronel João Pessoa (RN);32,63%;13,03%;33,49%;20,85%;92%;26.939
Cruzeta (RN);32,63%;13,03%;33,49%;20,85%;92%;26.939
Currais Novos (RN);32,63%;13,03%;33,49%;20,85%;92%;26.939
Doutor Severiano (RN);32,63%;13,03%;33,49%;20,85%;92%;26.939
Parnamirim (RN);32,63%;13,03%;33,49%;20,85%;92%;26.939
Encanto (RN);32,63%;13,03%;33,49%;20,85%;92%;26.939
Equador (RN);32,63%;13,03%;33,49%;20,85%;92%;26.939
Espírito Santo (RN);32,63%;13,03%;33,49%;20,85%;92%;26.939
Extremoz (RN);32,63%;13,03%;33,49%;20,85%;92%;26.939
Felipe Guerra (RN);32,63%;13,03%;33,49%;20,85%;92%;26.939
Fernando Pedroza (RN);32,63%;13,03%;33,49%;20,85%;92%;26.939
Florânia (RN);32,63%;13,03%;33,49%;20,85%;92%;26.939
Francisco Dantas (RN);32,63%;13,03%;33,49%;20,85%;92%;26.939
Frutuoso Gomes (RN);32,63%;13,03%;33,49%;20,85%;92%;26.939
Galinhos (RN);32,63%;13,03%;33,49%;20,85%;92%;26.939
Goianinha (RN);32,63%;13,03%;33,49%;20,85%;92%;26.939
Governador Dix-Sept Rosado (RN);32,63%;13,03%;33,49%;20,85%;92%;26.939
Grossos (RN);32,63%;13,03%;33,49%;20,85%;92%;26.939
Guamaré (RN);32,63%;13,03%;33,49%;20,85%;92%;26.939
Ielmo Marinho (RN);32,63%;13,03%;33,49%;20,85%;92%;26.939
Ipanguaçu (RN);32,63%;13,03%;33,49%;20,85%;92%;26.939
Ipueira (RN);32,63%;13,03%;33,49%;20,85%;92%;26.939
Itajá (RN);32,63%;13,03%;33,49%;20,85%;92%;26.939
Itaú (RN);32,63%;13,03%;33,49%;20,85%;92%;26.939
Jaçanã (RN);32,63%;13,03%;33,49%;20,85%;92%;26.939
Jandaíra (RN);32,63%;13,03%;33,49%;20,85%;92%;26.939
Janduís (RN);32,63%;13,03%;33,49%;20,85%;92%;26.939
Januário Cicco (RN);32,63%;13,03%;33,49%;20,85%;92%;26.939
Japi (RN);32,63%;13,03%;33,49%;20,85%;92%;26.939
Jardim de Angicos (RN);32,63%;13,03%;33,49%;20,85%;92%;26.939
Jardim de Piranhas (RN);32,63%;13,03%;33,49%;20,85%;92%;26.939
Jardim do Seridó (RN);32,63%;13,03%;33,49%;20,85%;92%;26.939
João Câmara (RN);32,63%;13,03%;33,49%;20,85%;92%;26.939
João Dias (RN);32,63%;13,03%;33,49%;20,85%;92%;26.939
José da Penha (RN);32,63%;13,03%;33,49%;20,85%;92%;26.939
Jucurutu (RN);32,63%;13,03%;33,49%;20,85%;92%;26.939
Jundiá (RN);32,63%;13,03%;33,49%;20,85%;92%;26.939
Lagoa d'Anta (RN);32,63%;13,03%;33,49%;20,85%;92%;26.939
Lagoa de Pedras (RN);32,63%;13,03%;33,49%;20,85%;92%;26.939
Lagoa de Velhos (RN);32,63%;13,03%;33,49%;20,85%;92%;26.939
Lagoa Nova (RN);32,63%;13,03%;33,49%;20,85%;92%;26.939
Lagoa Salgada (RN);32,63%;13,03%;33,49%;20,85%;92%;26.939
Lajes (RN);32,63%;13,03%;33,49%;20,85%;92%;26.939
Lajes Pintadas (RN);32,63%;13,03%;33,49%;20,85%;92%;26.939
Lucrécia (RN);32,63%;13,03%;33,49%;20,85%;92%;26.939
Luís Gomes (RN);32,63%;13,03%;33,49%;20,85%;92%;26.939
Macaíba (RN);32,63%;13,03%;33,49%;20,85%;92%;26.939
Macau (RN);32,63%;13,03%;33,49%;20,85%;92%;26.939
Major Sales (RN);32,63%;13,03%;33,49%;20,85%;92%;26.939
Marcelino Vieira (RN);32,63%;13,03%;33,49%;20,85%;92%;26.939
Martins (RN);32,63%;13,03%;33,49%;20,85%;92%;26.939
Maxaranguape (RN);32,63%;13,03%;33,49%;20,85%;92%;26.939
Messias Targino (RN);32,63%;13,03%;33,49%;20,85%;92%;26.939
Montanhas (RN);32,63%;13,03%;33,49%;20,85%;92%;26.939
Monte Alegre (RN);32,63%;13,03%;33,49%;20,85%;92%;26.939
Monte das Gameleiras (RN);32,63%;13,03%;33,49%;20,85%;92%;26.939
Mossoró (RN);32,63%;13,03%;33,49%;20,85%;92%;26.939
Natal (RN);32,63%;13,03%;33,49%;20,85%;92%;26.939
Nísia Floresta (RN);32,63%;13,03%;33,49%;20,85%;92%;26.939
Nova Cruz (RN);32,63%;13,03%;33,49%;20,85%;92%;26.939
Olho d'Água do Borges (RN);32,63%;13,03%;33,49%;20,85%;92%;26.939
Ouro Branco (RN);32,63%;13,03%;33,49%;20,85%;92%;26.939
Paraná (RN);32,63%;13,03%;33,49%;20,85%;92%;26.939
Paraú (RN);32,63%;13,03%;33,49%;20,85%;92%;26.939
Parazinho (RN);32,63%;13,03%;33,49%;20,85%;92%;26.939
Parelhas (RN);32,63%;13,03%;33,49%;20,85%;92%;26.939
Rio do Fogo (RN);32,63%;13,03%;33,49%;20,85%;92%;26.939
Passa e Fica (RN);32,63%;13,03%;33,49%;20,85%;92%;26.939
Passagem (RN);32,63%;13,03%;33,49%;20,85%;92%;26.939
Patu (RN);32,63%;13,03%;33,49%;20,85%;92%;26.939
Santa Maria (RN);32,63%;13,03%;33,49%;20,85%;92%;26.939
Pau dos Ferros (RN);32,63%;13,03%;33,49%;20,85%;92%;26.939
Pedra Grande (RN);32,63%;13,03%;33,49%;20,85%;92%;26.939
Pedra Preta (RN);32,63%;13,03%;33,49%;20,85%;92%;26.939
Pedro Avelino (RN);32,63%;13,03%;33,49%;20,85%;92%;26.939
Pedro Velho (RN);32,63%;13,03%;33,49%;20,85%;92%;26.939
Pendências (RN);32,63%;13,03%;33,49%;20,85%;92%;26.939
Pilões (RN);32,63%;13,03%;33,49%;20,85%;92%;26.939
Poço Branco (RN);32,63%;13,03%;33,49%;20,85%;92%;26.939
Portalegre (RN);32,63%;13,03%;33,49%;20,85%;92%;26.939
Porto do Mangue (RN);32,63%;13,03%;33,49%;20,85%;92%;26.939
Serra Caiada (RN);32,63%;13,03%;33,49%;20,85%;92%;26.939
Pureza (RN);32,63%;13,03%;33,49%;20,85%;92%;26.939
Rafael Fernandes (RN);32,63%;13,03%;33,49%;20,85%;92%;26.939
Rafael Godeiro (RN);32,63%;13,03%;33,49%;20,85%;92%;26.939
Riacho da Cruz (RN);32,63%;13,03%;33,49%;20,85%;92%;26.939
Riacho de Santana (RN);32,63%;13,03%;33,49%;20,85%;92%;26.939
Riachuelo (RN);32,63%;13,03%;33,49%;20,85%;92%;26.939
Rodolfo Fernandes (RN);32,63%;13,03%;33,49%;20,85%;92%;26.939
Tibau (RN);32,63%;13,03%;33,49%;20,85%;92%;26.939
Ruy Barbosa (RN);32,63%;13,03%;33,49%;20,85%;92%;26.939
Santa Cruz (RN);32,63%;13,03%;33,49%;20,85%;92%;26.939
Santana do Matos (RN);32,63%;13,03%;33,49%;20,85%;92%;26.939
Santana do Seridó (RN);32,63%;13,03%;33,49%;20,85%;92%;26.939
Santo Antônio (RN);32,63%;13,03%;33,49%;20,85%;92%;26.939
São Bento do Norte (RN);32,63%;13,03%;33,49%;20,85%;92%;26.939
São Bento do Trairí (RN);32,63%;13,03%;33,49%;20,85%;92%;26.939
São Fernando (RN);32,63%;13,03%;33,49%;20,85%;92%;26.939
São Francisco do Oeste (RN);32,63%;13,03%;33,49%;20,85%;92%;26.939
São Gonçalo do Amarante (RN);32,63%;13,03%;33,49%;20,85%;92%;26.939
São João do Sabugi (RN);32,63%;13,03%;33,49%;20,85%;92%;26.939
São José de Mipibu (RN);32,63%;13,03%;33,49%;20,85%;92%;26.939
São José do Campestre (RN);32,63%;13,03%;33,49%;20,85%;92%;26.939
São José do Seridó (RN);32,63%;13,03%;33,49%;20,85%;92%;26.939
São Miguel (RN);32,63%;13,03%;33,49%;20,85%;92%;26.939
São Miguel do Gostoso (RN);32,63%;13,03%;33,49%;20,85%;92%;26.939
São Paulo do Potengi (RN);32,63%;13,03%;33,49%;20,85%;92%;26.939
São Pedro (RN);32,63%;13,03%;33,49%;20,85%;92%;26.939
São Rafael (RN);32,63%;13,03%;33,49%;20,85%;92%;26.939
São Tomé (RN);32,63%;13,03%;33,49%;20,85%;92%;26.939
São Vicente (RN);32,63%;13,03%;33,49%;20,85%;92%;26.939
Senador Elói de Souza (RN);32,63%;13,03%;33,49%;20,85%;92%;26.939
Senador Georgino Avelino (RN);32,63%;13,03%;33,49%;20,85%;92%;26.939
Serra de São Bento (RN);32,63%;13,03%;33,49%;20,85%;92%;26.939
Serra do Mel (RN);32,63%;13,03%;33,49%;20,85%;92%;26.939
Serra Negra do Norte (RN);32,63%;13,03%;33,49%;20,85%;92%;26.939
Serrinha (RN);32,63%;13,03%;33,49%;20,85%;92%;26.939
Serrinha dos Pintos (RN);32,63%;13,03%;33,49%;20,85%;92%;26.939
Severiano Melo (RN);32,63%;13,03%;33,49%;20,85%;92%;26.939
Sítio Novo (RN);32,63%;13,03%;33,49%;20,85%;92%;26.939
Taboleiro Grande (RN);32,63%;13,03%;33,49%;20,85%;92%;26.939
Taipu (RN);32,63%;13,03%;33,49%;20,85%;92%;26.939
Tangará (RN);32,63%;13,03%;33,49%;20,85%;92%;26.939
Tenente Ananias (RN);32,63%;13,03%;33,49%;20,85%;92%;26.939
Tenente Laurentino Cruz (RN);32,63%;13,03%;33,49%;20,85%;92%;26.939
Tibau do Sul (RN);32,63%;13,03%;33,49%;20,85%;92%;26.939
Timbaúba dos Batistas (RN);32,63%;13,03%;33,49%;20,85%;92%;26.939
Touros (RN);32,63%;13,03%;33,49%;20,85%;92%;26.939
Triunfo Potiguar (RN);32,63%;13,03%;33,49%;20,85%;92%;26.939
Umarizal (RN);32,63%;13,03%;33,49%;20,85%;92%;26.939
Upanema (RN);32,63%;13,03%;33,49%;20,85%;92%;26.939
Várzea (RN);32,63%;13,03%;33,49%;20,85%;92%;26.939
Venha-Ver (RN);32,63%;13,03%;33,49%;20,85%;92%;26.939
Vera Cruz (RN);32,63%;13,03%;33,49%;20,85%;92%;26.939
Viçosa (RN);32,63%;13,03%;33,49%;20,85%;92%;26.939
Vila Flor (RN);32,63%;13,03%;33,49%;20,85%;92%;26.939
Amparo do São Francisco (SE);32,63%;13,03%;33,49%;20,85%;92%;26.939
Aquidabã (SE);32,63%;13,03%;33,49%;20,85%;92%;26.939
Aracaju (SE);32,63%;13,03%;33,49%;20,85%;92%;26.939
Arauá (SE);32,63%;13,03%;33,49%;20,85%;92%;26.939
Areia Branca (SE);32,63%;13,03%;33,49%;20,85%;92%;26.939
Barra dos Coqueiros (SE);32,63%;13,03%;33,49%;20,85%;92%;26.939
Boquim (SE);32,63%;13,03%;33,49%;20,85%;92%;26.939
Brejo Grande (SE);32,63%;13,03%;33,49%;20,85%;92%;26.939
Campo do Brito (SE);32,63%;13,03%;33,49%;20,85%;92%;26.939
Canhoba (SE);32,63%;13,03%;33,49%;20,85%;92%;26.939
Canindé de São Francisco (SE);32,63%;13,03%;33,49%;20,85%;92%;26.939
Capela (SE);32,63%;13,03%;33,49%;20,85%;92%;26.939
Carira (SE);32,63%;13,03%;33,49%;20,85%;92%;26.939
Carmópolis (SE);32,63%;13,03%;33,49%;20,85%;92%;26.939
Cedro de São João (SE);32,63%;13,03%;33,49%;20,85%;92%;26.939
Cristinápolis (SE);32,63%;13,03%;33,49%;20,85%;92%;26.939
Cumbe (SE);32,63%;13,03%;33,49%;20,85%;92%;26.939
Divina Pastora (SE);32,63%;13,03%;33,49%;20,85%;92%;26.939
Estância (SE);32,63%;13,03%;33,49%;20,85%;92%;26.939
Feira Nova (SE);32,63%;13,03%;33,49%;20,85%;92%;26.939
Frei Paulo (SE);32,63%;13,03%;33,49%;20,85%;92%;26.939
Gararu (SE);32,63%;13,03%;33,49%;20,85%;92%;26.939
General Maynard (SE);32,63%;13,03%;33,49%;20,85%;92%;26.939
Gracho Cardoso (SE);32,63%;13,03%;33,49%;20,85%;92%;26.939
Ilha das Flores (SE);32,63%;13,03%;33,49%;20,85%;92%;26.939
Indiaroba (SE);32,63%;13,03%;33,49%;20,85%;92%;26.939
Itabaiana (SE);32,63%;13,03%;33,49%;20,85%;92%;26.939
Itabaianinha (SE);32,63%;13,03%;33,49%;20,85%;92%;26.939
Itabi (SE);32,63%;13,03%;33,49%;20,85%;92%;26.939
Itaporanga d'Ajuda (SE);32,63%;13,03%;33,49%;20,85%;92%;26.939
Japaratuba (SE);32,63%;13,03%;33,49%;20,85%;92%;26.939
Japoatã (SE);32,63%;13,03%;33,49%;20,85%;92%;26.939
Lagarto (SE);32,63%;13,03%;33,49%;20,85%;92%;26.939
Laranjeiras (SE);32,63%;13,03%;33,49%;20,85%;92%;26.939
Macambira (SE);32,63%;13,03%;33,49%;20,85%;92%;26.939
Malhada dos Bois (SE);32,63%;13,03%;33,49%;20,85%;92%;26.939
Malhador (SE);32,63%;13,03%;33,49%;20,85%;92%;26.939
Maruim (SE);32,63%;13,03%;33,49%;20,85%;92%;26.939
Moita Bonita (SE);32,63%;13,03%;33,49%;20,85%;92%;26.939
Monte Alegre de Sergipe (SE);32,63%;13,03%;33,49%;20,85%;92%;26.939
Muribeca (SE);32,63%;13,03%;33,49%;20,85%;92%;26.939
Neópolis (SE);32,63%;13,03%;33,49%;20,85%;92%;26.939
Nossa Senhora Aparecida (SE);32,63%;13,03%;33,49%;20,85%;92%;26.939
Nossa Senhora da Glória (SE);32,63%;13,03%;33,49%;20,85%;92%;26.939
Nossa Senhora das Dores (SE);32,63%;13,03%;33,49%;20,85%;92%;26.939
Nossa Senhora de Lourdes (SE);32,63%;13,03%;33,49%;20,85%;92%;26.939
Nossa Senhora do Socorro (SE);32,63%;13,03%;33,49%;20,85%;92%;26.939
Pacatuba (SE);32,63%;13,03%;33,49%;20,85%;92%;26.939
Pedra Mole (SE);32,63%;13,03%;33,49%;20,85%;92%;26.939
Pedrinhas (SE);32,63%;13,03%;33,49%;20,85%;92%;26.939
Pinhão (SE);32,63%;13,03%;33,49%;20,85%;92%;26.939
Pirambu (SE);32,63%;13,03%;33,49%;20,85%;92%;26.939
Poço Redondo (SE);32,63%;13,03%;33,49%;20,85%;92%;26.939
Poço Verde (SE);32,63%;13,03%;33,49%;20,85%;92%;26.939
Porto da Folha (SE);32,63%;13,03%;33,49%;20,85%;92%;26.939
Propriá (SE);32,63%;13,03%;33,49%;20,85%;92%;26.939
Riachão do Dantas (SE);32,63%;13,03%;33,49%;20,85%;92%;26.939
Riachuelo (SE);32,63%;13,03%;33,49%;20,85%;92%;26.939
Ribeirópolis (SE);32,63%;13,03%;33,49%;20,85%;92%;26.939
Rosário do Catete (SE);32,63%;13,03%;33,49%;20,85%;92%;26.939
Salgado (SE);32,63%;13,03%;33,49%;20,85%;92%;26.939
Santa Luzia do Itanhy (SE);32,63%;13,03%;33,49%;20,85%;92%;26.939
Santana do São Francisco (SE);32,63%;13,03%;33,49%;20,85%;92%;26.939
Santa Rosa de Lima (SE);32,63%;13,03%;33,49%;20,85%;92%;26.939
Santo Amaro das Brotas (SE);32,63%;13,03%;33,49%;20,85%;92%;26.939
São Cristóvão (SE);32,63%;13,03%;33,49%;20,85%;92%;26.939
São Domingos (SE);32,63%;13,03%;33,49%;20,85%;92%;26.939
São Francisco (SE);32,63%;13,03%;33,49%;20,85%;92%;26.939
São Miguel do Aleixo (SE);32,63%;13,03%;33,49%;20,85%;92%;26.939
Simão Dias (SE);32,63%;13,03%;33,49%;20,85%;92%;26.939
Siriri (SE);32,63%;13,03%;33,49%;20,85%;92%;26.939
Telha (SE);32,63%;13,03%;33,49%;20,85%;92%;26.939
Tobias Barreto (SE);32,63%;13,03%;33,49%;20,85%;92%;26.939
Tomar do Geru (SE);32,63%;13,03%;33,49%;20,85%;92%;26.939
Umbaúba (SE);32,63%;13,03%;33,49%;20,85%;92%;26.939
