nm_mun,2010,2020,2021,2022,2023,2024
Água Branca (AL),16.89,13.42,12.61,13.35,15.62,9.05
Anadia (AL),16.89,13.42,12.61,13.35,15.62,9.05
Arapiraca (AL),16.89,13.42,12.61,13.35,15.62,9.05
Atalaia (AL),16.89,13.42,12.61,13.35,15.62,9.05
Barra de Santo Antônio (AL),16.89,13.42,12.61,13.35,15.62,9.05
Barra de São Miguel (AL),16.89,13.42,12.61,13.35,15.62,9.05
Batalha (AL),16.89,13.42,12.61,13.35,15.62,9.05
Belém (AL),16.89,13.42,12.61,13.35,15.62,9.05
Belo Monte (AL),16.89,13.42,12.61,13.35,15.62,9.05
Boca da Mata (AL),16.89,13.42,12.61,13.35,15.62,9.05
Branquinha (AL),16.89,13.42,12.61,13.35,15.62,9.05
Cacimbinhas (AL),16.89,13.42,12.61,13.35,15.62,9.05
Cajueiro (AL),16.89,13.42,12.61,13.35,15.62,9.05
Campestre (AL),16.89,13.42,12.61,13.35,15.62,9.05
Campo Alegre (AL),16.89,13.42,12.61,13.35,15.62,9.05
Campo Grande (AL),16.89,13.42,12.61,13.35,15.62,9.05
Canapi (AL),16.89,13.42,12.61,13.35,15.62,9.05
Capela (AL),16.89,13.42,12.61,13.35,15.62,9.05
Carneiros (AL),16.89,13.42,12.61,13.35,15.62,9.05
Chã Preta (AL),16.89,13.42,12.61,13.35,15.62,9.05
Coité do Nóia (AL),16.89,13.42,12.61,13.35,15.62,9.05
Colônia Leopoldina (AL),16.89,13.42,12.61,13.35,15.62,9.05
Coqueiro Seco (AL),16.89,13.42,12.61,13.35,15.62,9.05
Coruripe (AL),16.89,13.42,12.61,13.35,15.62,9.05
Craíbas (AL),16.89,13.42,12.61,13.35,15.62,9.05
Delmiro Gouveia (AL),16.89,13.42,12.61,13.35,15.62,9.05
Dois Riachos (AL),16.89,13.42,12.61,13.35,15.62,9.05
Estrela de Alagoas (AL),16.89,13.42,12.61,13.35,15.62,9.05
Feira Grande (AL),16.89,13.42,12.61,13.35,15.62,9.05
Feliz Deserto (AL),16.89,13.42,12.61,13.35,15.62,9.05
Flexeiras (AL),16.89,13.42,12.61,13.35,15.62,9.05
Girau do Ponciano (AL),16.89,13.42,12.61,13.35,15.62,9.05
Ibateguara (AL),16.89,13.42,12.61,13.35,15.62,9.05
Igaci (AL),16.89,13.42,12.61,13.35,15.62,9.05
Igreja Nova (AL),16.89,13.42,12.61,13.35,15.62,9.05
Inhapi (AL),16.89,13.42,12.61,13.35,15.62,9.05
Jacaré dos Homens (AL),16.89,13.42,12.61,13.35,15.62,9.05
Jacuípe (AL),16.89,13.42,12.61,13.35,15.62,9.05
Japaratinga (AL),16.89,13.42,12.61,13.35,15.62,9.05
Jaramataia (AL),16.89,13.42,12.61,13.35,15.62,9.05
Jequiá da Praia (AL),16.89,13.42,12.61,13.35,15.62,9.05
Joaquim Gomes (AL),16.89,13.42,12.61,13.35,15.62,9.05
Jundiá (AL),16.89,13.42,12.61,13.35,15.62,9.05
Junqueiro (AL),16.89,13.42,12.61,13.35,15.62,9.05
Lagoa da Canoa (AL),16.89,13.42,12.61,13.35,15.62,9.05
Limoeiro de Anadia (AL),16.89,13.42,12.61,13.35,15.62,9.05
Maceió (AL),16.89,13.42,12.61,13.35,15.62,9.05
Major Isidoro (AL),16.89,13.42,12.61,13.35,15.62,9.05
Maragogi (AL),16.89,13.42,12.61,13.35,15.62,9.05
Maravilha (AL),16.89,13.42,12.61,13.35,15.62,9.05
Marechal Deodoro (AL),16.89,13.42,12.61,13.35,15.62,9.05
Maribondo (AL),16.89,13.42,12.61,13.35,15.62,9.05
Mar Vermelho (AL),16.89,13.42,12.61,13.35,15.62,9.05
Mata Grande (AL),16.89,13.42,12.61,13.35,15.62,9.05
Matriz de Camaragibe (AL),16.89,13.42,12.61,13.35,15.62,9.05
Messias (AL),16.89,13.42,12.61,13.35,15.62,9.05
Minador do Negrão (AL),16.89,13.42,12.61,13.35,15.62,9.05
Monteirópolis (AL),16.89,13.42,12.61,13.35,15.62,9.05
Murici (AL),16.89,13.42,12.61,13.35,15.62,9.05
Novo Lino (AL),16.89,13.42,12.61,13.35,15.62,9.05
Olho d'Água das Flores (AL),16.89,13.42,12.61,13.35,15.62,9.05
Olho d'Água do Casado (AL),16.89,13.42,12.61,13.35,15.62,9.05
Olho d'Água Grande (AL),16.89,13.42,12.61,13.35,15.62,9.05
Olivença (AL),16.89,13.42,12.61,13.35,15.62,9.05
Ouro Branco (AL),16.89,13.42,12.61,13.35,15.62,9.05
Palestina (AL),16.89,13.42,12.61,13.35,15.62,9.05
Palmeira dos Índios (AL),16.89,13.42,12.61,13.35,15.62,9.05
Pão de Açúcar (AL),16.89,13.42,12.61,13.35,15.62,9.05
Pariconha (AL),16.89,13.42,12.61,13.35,15.62,9.05
Paripueira (AL),16.89,13.42,12.61,13.35,15.62,9.05
Passo de Camaragibe (AL),16.89,13.42,12.61,13.35,15.62,9.05
Paulo Jacinto (AL),16.89,13.42,12.61,13.35,15.62,9.05
Penedo (AL),16.89,13.42,12.61,13.35,15.62,9.05
Piaçabuçu (AL),16.89,13.42,12.61,13.35,15.62,9.05
Pilar (AL),16.89,13.42,12.61,13.35,15.62,9.05
Pindoba (AL),16.89,13.42,12.61,13.35,15.62,9.05
Piranhas (AL),16.89,13.42,12.61,13.35,15.62,9.05
Poço das Trincheiras (AL),16.89,13.42,12.61,13.35,15.62,9.05
Porto Calvo (AL),16.89,13.42,12.61,13.35,15.62,9.05
Porto de Pedras (AL),16.89,13.42,12.61,13.35,15.62,9.05
Porto Real do Colégio (AL),16.89,13.42,12.61,13.35,15.62,9.05
Quebrangulo (AL),16.89,13.42,12.61,13.35,15.62,9.05
Rio Largo (AL),16.89,13.42,12.61,13.35,15.62,9.05
Roteiro (AL),16.89,13.42,12.61,13.35,15.62,9.05
Santa Luzia do Norte (AL),16.89,13.42,12.61,13.35,15.62,9.05
Santana do Ipanema (AL),16.89,13.42,12.61,13.35,15.62,9.05
Santana do Mundaú (AL),16.89,13.42,12.61,13.35,15.62,9.05
São Brás (AL),16.89,13.42,12.61,13.35,15.62,9.05
São José da Laje (AL),16.89,13.42,12.61,13.35,15.62,9.05
São José da Tapera (AL),16.89,13.42,12.61,13.35,15.62,9.05
São Luís do Quitunde (AL),16.89,13.42,12.61,13.35,15.62,9.05
São Miguel dos Campos (AL),16.89,13.42,12.61,13.35,15.62,9.05
São Miguel dos Milagres (AL),16.89,13.42,12.61,13.35,15.62,9.05
São Sebastião (AL),16.89,13.42,12.61,13.35,15.62,9.05
Satuba (AL),16.89,13.42,12.61,13.35,15.62,9.05
Senador Rui Palmeira (AL),16.89,13.42,12.61,13.35,15.62,9.05
Tanque d'Arca (AL),16.89,13.42,12.61,13.35,15.62,9.05
Taquarana (AL),16.89,13.42,12.61,13.35,15.62,9.05
Teotônio Vilela (AL),16.89,13.42,12.61,13.35,15.62,9.05
Traipu (AL),16.89,13.42,12.61,13.35,15.62,9.05
União dos Palmares (AL),16.89,13.42,12.61,13.35,15.62,9.05
Viçosa (AL),16.89,13.42,12.61,13.35,15.62,9.05
Abaíra (BA),16.89,13.42,12.61,13.35,15.62,9.05
Abaré (BA),16.89,13.42,12.61,13.35,15.62,9.05
Acajutiba (BA),16.89,13.42,12.61,13.35,15.62,9.05
Adustina (BA),16.89,13.42,12.61,13.35,15.62,9.05
Água Fria (BA),16.89,13.42,12.61,13.35,15.62,9.05
Érico Cardoso (BA),16.89,13.42,12.61,13.35,15.62,9.05
Aiquara (BA),16.89,13.42,12.61,13.35,15.62,9.05
Alagoinhas (BA),16.89,13.42,12.61,13.35,15.62,9.05
Alcobaça (BA),16.89,13.42,12.61,13.35,15.62,9.05
Almadina (BA),16.89,13.42,12.61,13.35,15.62,9.05
Amargosa (BA),16.89,13.42,12.61,13.35,15.62,9.05
Amélia Rodrigues (BA),16.89,13.42,12.61,13.35,15.62,9.05
América Dourada (BA),16.89,13.42,12.61,13.35,15.62,9.05
Anagé (BA),16.89,13.42,12.61,13.35,15.62,9.05
Andaraí (BA),16.89,13.42,12.61,13.35,15.62,9.05
Andorinha (BA),16.89,13.42,12.61,13.35,15.62,9.05
Angical (BA),16.89,13.42,12.61,13.35,15.62,9.05
Anguera (BA),16.89,13.42,12.61,13.35,15.62,9.05
Antas (BA),16.89,13.42,12.61,13.35,15.62,9.05
Antônio Cardoso (BA),16.89,13.42,12.61,13.35,15.62,9.05
Antônio Gonçalves (BA),16.89,13.42,12.61,13.35,15.62,9.05
Aporá (BA),16.89,13.42,12.61,13.35,15.62,9.05
Apuarema (BA),16.89,13.42,12.61,13.35,15.62,9.05
Aracatu (BA),16.89,13.42,12.61,13.35,15.62,9.05
Araçás (BA),16.89,13.42,12.61,13.35,15.62,9.05
Araci (BA),16.89,13.42,12.61,13.35,15.62,9.05
Aramari (BA),16.89,13.42,12.61,13.35,15.62,9.05
Arataca (BA),16.89,13.42,12.61,13.35,15.62,9.05
Aratuípe (BA),16.89,13.42,12.61,13.35,15.62,9.05
Aurelino Leal (BA),16.89,13.42,12.61,13.35,15.62,9.05
Baianópolis (BA),16.89,13.42,12.61,13.35,15.62,9.05
Baixa Grande (BA),16.89,13.42,12.61,13.35,15.62,9.05
Banzaê (BA),16.89,13.42,12.61,13.35,15.62,9.05
Barra (BA),16.89,13.42,12.61,13.35,15.62,9.05
Barra da Estiva (BA),16.89,13.42,12.61,13.35,15.62,9.05
Barra do Choça (BA),16.89,13.42,12.61,13.35,15.62,9.05
Barra do Mendes (BA),16.89,13.42,12.61,13.35,15.62,9.05
Barra do Rocha (BA),16.89,13.42,12.61,13.35,15.62,9.05
Barreiras (BA),16.89,13.42,12.61,13.35,15.62,9.05
Barro Alto (BA),16.89,13.42,12.61,13.35,15.62,9.05
Barrocas (BA),16.89,13.42,12.61,13.35,15.62,9.05
Barro Preto (BA),16.89,13.42,12.61,13.35,15.62,9.05
Belmonte (BA),16.89,13.42,12.61,13.35,15.62,9.05
Belo Campo (BA),16.89,13.42,12.61,13.35,15.62,9.05
Biritinga (BA),16.89,13.42,12.61,13.35,15.62,9.05
Boa Nova (BA),16.89,13.42,12.61,13.35,15.62,9.05
Boa Vista do Tupim (BA),16.89,13.42,12.61,13.35,15.62,9.05
Bom Jesus da Lapa (BA),16.89,13.42,12.61,13.35,15.62,9.05
Bom Jesus da Serra (BA),16.89,13.42,12.61,13.35,15.62,9.05
Boninal (BA),16.89,13.42,12.61,13.35,15.62,9.05
Bonito (BA),16.89,13.42,12.61,13.35,15.62,9.05
Boquira (BA),16.89,13.42,12.61,13.35,15.62,9.05
Botuporã (BA),16.89,13.42,12.61,13.35,15.62,9.05
Brejões (BA),16.89,13.42,12.61,13.35,15.62,9.05
Brejolândia (BA),16.89,13.42,12.61,13.35,15.62,9.05
Brotas de Macaúbas (BA),16.89,13.42,12.61,13.35,15.62,9.05
Brumado (BA),16.89,13.42,12.61,13.35,15.62,9.05
Buerarema (BA),16.89,13.42,12.61,13.35,15.62,9.05
Buritirama (BA),16.89,13.42,12.61,13.35,15.62,9.05
Caatiba (BA),16.89,13.42,12.61,13.35,15.62,9.05
Cabaceiras do Paraguaçu (BA),16.89,13.42,12.61,13.35,15.62,9.05
Cachoeira (BA),16.89,13.42,12.61,13.35,15.62,9.05
Caculé (BA),16.89,13.42,12.61,13.35,15.62,9.05
Caém (BA),16.89,13.42,12.61,13.35,15.62,9.05
Caetanos (BA),16.89,13.42,12.61,13.35,15.62,9.05
Caetité (BA),16.89,13.42,12.61,13.35,15.62,9.05
Cafarnaum (BA),16.89,13.42,12.61,13.35,15.62,9.05
Cairu (BA),16.89,13.42,12.61,13.35,15.62,9.05
Caldeirão Grande (BA),16.89,13.42,12.61,13.35,15.62,9.05
Camacan (BA),16.89,13.42,12.61,13.35,15.62,9.05
Camaçari (BA),16.89,13.42,12.61,13.35,15.62,9.05
Camamu (BA),16.89,13.42,12.61,13.35,15.62,9.05
Campo Alegre de Lourdes (BA),16.89,13.42,12.61,13.35,15.62,9.05
Campo Formoso (BA),16.89,13.42,12.61,13.35,15.62,9.05
Canápolis (BA),16.89,13.42,12.61,13.35,15.62,9.05
Canarana (BA),16.89,13.42,12.61,13.35,15.62,9.05
Canavieiras (BA),16.89,13.42,12.61,13.35,15.62,9.05
Candeal (BA),16.89,13.42,12.61,13.35,15.62,9.05
Candeias (BA),16.89,13.42,12.61,13.35,15.62,9.05
Candiba (BA),16.89,13.42,12.61,13.35,15.62,9.05
Cândido Sales (BA),16.89,13.42,12.61,13.35,15.62,9.05
Cansanção (BA),16.89,13.42,12.61,13.35,15.62,9.05
Canudos (BA),16.89,13.42,12.61,13.35,15.62,9.05
Capela do Alto Alegre (BA),16.89,13.42,12.61,13.35,15.62,9.05
Capim Grosso (BA),16.89,13.42,12.61,13.35,15.62,9.05
Caraíbas (BA),16.89,13.42,12.61,13.35,15.62,9.05
Caravelas (BA),16.89,13.42,12.61,13.35,15.62,9.05
Cardeal da Silva (BA),16.89,13.42,12.61,13.35,15.62,9.05
Carinhanha (BA),16.89,13.42,12.61,13.35,15.62,9.05
Casa Nova (BA),16.89,13.42,12.61,13.35,15.62,9.05
Castro Alves (BA),16.89,13.42,12.61,13.35,15.62,9.05
Catolândia (BA),16.89,13.42,12.61,13.35,15.62,9.05
Catu (BA),16.89,13.42,12.61,13.35,15.62,9.05
Caturama (BA),16.89,13.42,12.61,13.35,15.62,9.05
Central (BA),16.89,13.42,12.61,13.35,15.62,9.05
Chorrochó (BA),16.89,13.42,12.61,13.35,15.62,9.05
Cícero Dantas (BA),16.89,13.42,12.61,13.35,15.62,9.05
Cipó (BA),16.89,13.42,12.61,13.35,15.62,9.05
Coaraci (BA),16.89,13.42,12.61,13.35,15.62,9.05
Cocos (BA),16.89,13.42,12.61,13.35,15.62,9.05
Conceição da Feira (BA),16.89,13.42,12.61,13.35,15.62,9.05
Conceição do Almeida (BA),16.89,13.42,12.61,13.35,15.62,9.05
Conceição do Coité (BA),16.89,13.42,12.61,13.35,15.62,9.05
Conceição do Jacuípe (BA),16.89,13.42,12.61,13.35,15.62,9.05
Conde (BA),16.89,13.42,12.61,13.35,15.62,9.05
Condeúba (BA),16.89,13.42,12.61,13.35,15.62,9.05
Contendas do Sincorá (BA),16.89,13.42,12.61,13.35,15.62,9.05
Coração de Maria (BA),16.89,13.42,12.61,13.35,15.62,9.05
Cordeiros (BA),16.89,13.42,12.61,13.35,15.62,9.05
Coribe (BA),16.89,13.42,12.61,13.35,15.62,9.05
Coronel João Sá (BA),16.89,13.42,12.61,13.35,15.62,9.05
Correntina (BA),16.89,13.42,12.61,13.35,15.62,9.05
Cotegipe (BA),16.89,13.42,12.61,13.35,15.62,9.05
Cravolândia (BA),16.89,13.42,12.61,13.35,15.62,9.05
Crisópolis (BA),16.89,13.42,12.61,13.35,15.62,9.05
Cristópolis (BA),16.89,13.42,12.61,13.35,15.62,9.05
Cruz das Almas (BA),16.89,13.42,12.61,13.35,15.62,9.05
Curaçá (BA),16.89,13.42,12.61,13.35,15.62,9.05
Dário Meira (BA),16.89,13.42,12.61,13.35,15.62,9.05
Dias d'Ávila (BA),16.89,13.42,12.61,13.35,15.62,9.05
Dom Basílio (BA),16.89,13.42,12.61,13.35,15.62,9.05
Dom Macedo Costa (BA),16.89,13.42,12.61,13.35,15.62,9.05
Elísio Medrado (BA),16.89,13.42,12.61,13.35,15.62,9.05
Encruzilhada (BA),16.89,13.42,12.61,13.35,15.62,9.05
Entre Rios (BA),16.89,13.42,12.61,13.35,15.62,9.05
Esplanada (BA),16.89,13.42,12.61,13.35,15.62,9.05
Euclides da Cunha (BA),16.89,13.42,12.61,13.35,15.62,9.05
Eunápolis (BA),16.89,13.42,12.61,13.35,15.62,9.05
Fátima (BA),16.89,13.42,12.61,13.35,15.62,9.05
Feira da Mata (BA),16.89,13.42,12.61,13.35,15.62,9.05
Feira de Santana (BA),16.89,13.42,12.61,13.35,15.62,9.05
Filadélfia (BA),16.89,13.42,12.61,13.35,15.62,9.05
Firmino Alves (BA),16.89,13.42,12.61,13.35,15.62,9.05
Floresta Azul (BA),16.89,13.42,12.61,13.35,15.62,9.05
Formosa do Rio Preto (BA),16.89,13.42,12.61,13.35,15.62,9.05
Gandu (BA),16.89,13.42,12.61,13.35,15.62,9.05
Gavião (BA),16.89,13.42,12.61,13.35,15.62,9.05
Gentio do Ouro (BA),16.89,13.42,12.61,13.35,15.62,9.05
Glória (BA),16.89,13.42,12.61,13.35,15.62,9.05
Gongogi (BA),16.89,13.42,12.61,13.35,15.62,9.05
Governador Mangabeira (BA),16.89,13.42,12.61,13.35,15.62,9.05
Guajeru (BA),16.89,13.42,12.61,13.35,15.62,9.05
Guanambi (BA),16.89,13.42,12.61,13.35,15.62,9.05
Guaratinga (BA),16.89,13.42,12.61,13.35,15.62,9.05
Heliópolis (BA),16.89,13.42,12.61,13.35,15.62,9.05
Iaçu (BA),16.89,13.42,12.61,13.35,15.62,9.05
Ibiassucê (BA),16.89,13.42,12.61,13.35,15.62,9.05
Ibicaraí (BA),16.89,13.42,12.61,13.35,15.62,9.05
Ibicoara (BA),16.89,13.42,12.61,13.35,15.62,9.05
Ibicuí (BA),16.89,13.42,12.61,13.35,15.62,9.05
Ibipeba (BA),16.89,13.42,12.61,13.35,15.62,9.05
Ibipitanga (BA),16.89,13.42,12.61,13.35,15.62,9.05
Ibiquera (BA),16.89,13.42,12.61,13.35,15.62,9.05
Ibirapitanga (BA),16.89,13.42,12.61,13.35,15.62,9.05
Ibirapuã (BA),16.89,13.42,12.61,13.35,15.62,9.05
Ibirataia (BA),16.89,13.42,12.61,13.35,15.62,9.05
Ibitiara (BA),16.89,13.42,12.61,13.35,15.62,9.05
Ibititá (BA),16.89,13.42,12.61,13.35,15.62,9.05
Ibotirama (BA),16.89,13.42,12.61,13.35,15.62,9.05
Ichu (BA),16.89,13.42,12.61,13.35,15.62,9.05
Igaporã (BA),16.89,13.42,12.61,13.35,15.62,9.05
Igrapiúna (BA),16.89,13.42,12.61,13.35,15.62,9.05
Iguaí (BA),16.89,13.42,12.61,13.35,15.62,9.05
Ilhéus (BA),16.89,13.42,12.61,13.35,15.62,9.05
Inhambupe (BA),16.89,13.42,12.61,13.35,15.62,9.05
Ipecaetá (BA),16.89,13.42,12.61,13.35,15.62,9.05
Ipiaú (BA),16.89,13.42,12.61,13.35,15.62,9.05
Ipirá (BA),16.89,13.42,12.61,13.35,15.62,9.05
Ipupiara (BA),16.89,13.42,12.61,13.35,15.62,9.05
Irajuba (BA),16.89,13.42,12.61,13.35,15.62,9.05
Iramaia (BA),16.89,13.42,12.61,13.35,15.62,9.05
Iraquara (BA),16.89,13.42,12.61,13.35,15.62,9.05
Irará (BA),16.89,13.42,12.61,13.35,15.62,9.05
Irecê (BA),16.89,13.42,12.61,13.35,15.62,9.05
Itabela (BA),16.89,13.42,12.61,13.35,15.62,9.05
Itaberaba (BA),16.89,13.42,12.61,13.35,15.62,9.05
Itabuna (BA),16.89,13.42,12.61,13.35,15.62,9.05
Itacaré (BA),16.89,13.42,12.61,13.35,15.62,9.05
Itaeté (BA),16.89,13.42,12.61,13.35,15.62,9.05
Itagi (BA),16.89,13.42,12.61,13.35,15.62,9.05
Itagibá (BA),16.89,13.42,12.61,13.35,15.62,9.05
Itagimirim (BA),16.89,13.42,12.61,13.35,15.62,9.05
Itaguaçu da Bahia (BA),16.89,13.42,12.61,13.35,15.62,9.05
Itaju do Colônia (BA),16.89,13.42,12.61,13.35,15.62,9.05
Itajuípe (BA),16.89,13.42,12.61,13.35,15.62,9.05
Itamaraju (BA),16.89,13.42,12.61,13.35,15.62,9.05
Itamari (BA),16.89,13.42,12.61,13.35,15.62,9.05
Itambé (BA),16.89,13.42,12.61,13.35,15.62,9.05
Itanagra (BA),16.89,13.42,12.61,13.35,15.62,9.05
Itanhém (BA),16.89,13.42,12.61,13.35,15.62,9.05
Itaparica (BA),16.89,13.42,12.61,13.35,15.62,9.05
Itapé (BA),16.89,13.42,12.61,13.35,15.62,9.05
Itapebi (BA),16.89,13.42,12.61,13.35,15.62,9.05
Itapetinga (BA),16.89,13.42,12.61,13.35,15.62,9.05
Itapicuru (BA),16.89,13.42,12.61,13.35,15.62,9.05
Itapitanga (BA),16.89,13.42,12.61,13.35,15.62,9.05
Itaquara (BA),16.89,13.42,12.61,13.35,15.62,9.05
Itarantim (BA),16.89,13.42,12.61,13.35,15.62,9.05
Itatim (BA),16.89,13.42,12.61,13.35,15.62,9.05
Itiruçu (BA),16.89,13.42,12.61,13.35,15.62,9.05
Itiúba (BA),16.89,13.42,12.61,13.35,15.62,9.05
Itororó (BA),16.89,13.42,12.61,13.35,15.62,9.05
Ituaçu (BA),16.89,13.42,12.61,13.35,15.62,9.05
Ituberá (BA),16.89,13.42,12.61,13.35,15.62,9.05
Iuiu (BA),16.89,13.42,12.61,13.35,15.62,9.05
Jaborandi (BA),16.89,13.42,12.61,13.35,15.62,9.05
Jacaraci (BA),16.89,13.42,12.61,13.35,15.62,9.05
Jacobina (BA),16.89,13.42,12.61,13.35,15.62,9.05
Jaguaquara (BA),16.89,13.42,12.61,13.35,15.62,9.05
Jaguarari (BA),16.89,13.42,12.61,13.35,15.62,9.05
Jaguaripe (BA),16.89,13.42,12.61,13.35,15.62,9.05
Jandaíra (BA),16.89,13.42,12.61,13.35,15.62,9.05
Jequié (BA),16.89,13.42,12.61,13.35,15.62,9.05
Jeremoabo (BA),16.89,13.42,12.61,13.35,15.62,9.05
Jiquiriçá (BA),16.89,13.42,12.61,13.35,15.62,9.05
Jitaúna (BA),16.89,13.42,12.61,13.35,15.62,9.05
João Dourado (BA),16.89,13.42,12.61,13.35,15.62,9.05
Juazeiro (BA),16.89,13.42,12.61,13.35,15.62,9.05
Jucuruçu (BA),16.89,13.42,12.61,13.35,15.62,9.05
Jussara (BA),16.89,13.42,12.61,13.35,15.62,9.05
Jussari (BA),16.89,13.42,12.61,13.35,15.62,9.05
Jussiape (BA),16.89,13.42,12.61,13.35,15.62,9.05
Lafaiete Coutinho (BA),16.89,13.42,12.61,13.35,15.62,9.05
Lagoa Real (BA),16.89,13.42,12.61,13.35,15.62,9.05
Laje (BA),16.89,13.42,12.61,13.35,15.62,9.05
Lajedão (BA),16.89,13.42,12.61,13.35,15.62,9.05
Lajedinho (BA),16.89,13.42,12.61,13.35,15.62,9.05
Lajedo do Tabocal (BA),16.89,13.42,12.61,13.35,15.62,9.05
Lamarão (BA),16.89,13.42,12.61,13.35,15.62,9.05
Lapão (BA),16.89,13.42,12.61,13.35,15.62,9.05
Lauro de Freitas (BA),16.89,13.42,12.61,13.35,15.62,9.05
Lençóis (BA),16.89,13.42,12.61,13.35,15.62,9.05
Licínio de Almeida (BA),16.89,13.42,12.61,13.35,15.62,9.05
Livramento de Nossa Senhora (BA),16.89,13.42,12.61,13.35,15.62,9.05
Luís Eduardo Magalhães (BA),16.89,13.42,12.61,13.35,15.62,9.05
Macajuba (BA),16.89,13.42,12.61,13.35,15.62,9.05
Macarani (BA),16.89,13.42,12.61,13.35,15.62,9.05
Macaúbas (BA),16.89,13.42,12.61,13.35,15.62,9.05
Macururé (BA),16.89,13.42,12.61,13.35,15.62,9.05
Madre de Deus (BA),16.89,13.42,12.61,13.35,15.62,9.05
Maetinga (BA),16.89,13.42,12.61,13.35,15.62,9.05
Maiquinique (BA),16.89,13.42,12.61,13.35,15.62,9.05
Mairi (BA),16.89,13.42,12.61,13.35,15.62,9.05
Malhada (BA),16.89,13.42,12.61,13.35,15.62,9.05
Malhada de Pedras (BA),16.89,13.42,12.61,13.35,15.62,9.05
Manoel Vitorino (BA),16.89,13.42,12.61,13.35,15.62,9.05
Mansidão (BA),16.89,13.42,12.61,13.35,15.62,9.05
Maracás (BA),16.89,13.42,12.61,13.35,15.62,9.05
Maragogipe (BA),16.89,13.42,12.61,13.35,15.62,9.05
Maraú (BA),16.89,13.42,12.61,13.35,15.62,9.05
Marcionílio Souza (BA),16.89,13.42,12.61,13.35,15.62,9.05
Mascote (BA),16.89,13.42,12.61,13.35,15.62,9.05
Mata de São João (BA),16.89,13.42,12.61,13.35,15.62,9.05
Matina (BA),16.89,13.42,12.61,13.35,15.62,9.05
Medeiros Neto (BA),16.89,13.42,12.61,13.35,15.62,9.05
Miguel Calmon (BA),16.89,13.42,12.61,13.35,15.62,9.05
Milagres (BA),16.89,13.42,12.61,13.35,15.62,9.05
Mirangaba (BA),16.89,13.42,12.61,13.35,15.62,9.05
Mirante (BA),16.89,13.42,12.61,13.35,15.62,9.05
Monte Santo (BA),16.89,13.42,12.61,13.35,15.62,9.05
Morpará (BA),16.89,13.42,12.61,13.35,15.62,9.05
Morro do Chapéu (BA),16.89,13.42,12.61,13.35,15.62,9.05
Mortugaba (BA),16.89,13.42,12.61,13.35,15.62,9.05
Mucugê (BA),16.89,13.42,12.61,13.35,15.62,9.05
Mucuri (BA),16.89,13.42,12.61,13.35,15.62,9.05
Mulungu do Morro (BA),16.89,13.42,12.61,13.35,15.62,9.05
Mundo Novo (BA),16.89,13.42,12.61,13.35,15.62,9.05
Muniz Ferreira (BA),16.89,13.42,12.61,13.35,15.62,9.05
Muquém do São Francisco (BA),16.89,13.42,12.61,13.35,15.62,9.05
Muritiba (BA),16.89,13.42,12.61,13.35,15.62,9.05
Mutuípe (BA),16.89,13.42,12.61,13.35,15.62,9.05
Nazaré (BA),16.89,13.42,12.61,13.35,15.62,9.05
Nilo Peçanha (BA),16.89,13.42,12.61,13.35,15.62,9.05
Nordestina (BA),16.89,13.42,12.61,13.35,15.62,9.05
Nova Canaã (BA),16.89,13.42,12.61,13.35,15.62,9.05
Nova Fátima (BA),16.89,13.42,12.61,13.35,15.62,9.05
Nova Ibiá (BA),16.89,13.42,12.61,13.35,15.62,9.05
Nova Itarana (BA),16.89,13.42,12.61,13.35,15.62,9.05
Nova Redenção (BA),16.89,13.42,12.61,13.35,15.62,9.05
Nova Soure (BA),16.89,13.42,12.61,13.35,15.62,9.05
Nova Viçosa (BA),16.89,13.42,12.61,13.35,15.62,9.05
Novo Horizonte (BA),16.89,13.42,12.61,13.35,15.62,9.05
Novo Triunfo (BA),16.89,13.42,12.61,13.35,15.62,9.05
Olindina (BA),16.89,13.42,12.61,13.35,15.62,9.05
Oliveira dos Brejinhos (BA),16.89,13.42,12.61,13.35,15.62,9.05
Ouriçangas (BA),16.89,13.42,12.61,13.35,15.62,9.05
Ourolândia (BA),16.89,13.42,12.61,13.35,15.62,9.05
Palmas de Monte Alto (BA),16.89,13.42,12.61,13.35,15.62,9.05
Palmeiras (BA),16.89,13.42,12.61,13.35,15.62,9.05
Paramirim (BA),16.89,13.42,12.61,13.35,15.62,9.05
Paratinga (BA),16.89,13.42,12.61,13.35,15.62,9.05
Paripiranga (BA),16.89,13.42,12.61,13.35,15.62,9.05
Pau Brasil (BA),16.89,13.42,12.61,13.35,15.62,9.05
Paulo Afonso (BA),16.89,13.42,12.61,13.35,15.62,9.05
Pé de Serra (BA),16.89,13.42,12.61,13.35,15.62,9.05
Pedrão (BA),16.89,13.42,12.61,13.35,15.62,9.05
Pedro Alexandre (BA),16.89,13.42,12.61,13.35,15.62,9.05
Piatã (BA),16.89,13.42,12.61,13.35,15.62,9.05
Pilão Arcado (BA),16.89,13.42,12.61,13.35,15.62,9.05
Pindaí (BA),16.89,13.42,12.61,13.35,15.62,9.05
Pindobaçu (BA),16.89,13.42,12.61,13.35,15.62,9.05
Pintadas (BA),16.89,13.42,12.61,13.35,15.62,9.05
Piraí do Norte (BA),16.89,13.42,12.61,13.35,15.62,9.05
Piripá (BA),16.89,13.42,12.61,13.35,15.62,9.05
Piritiba (BA),16.89,13.42,12.61,13.35,15.62,9.05
Planaltino (BA),16.89,13.42,12.61,13.35,15.62,9.05
Planalto (BA),16.89,13.42,12.61,13.35,15.62,9.05
Poções (BA),16.89,13.42,12.61,13.35,15.62,9.05
Pojuca (BA),16.89,13.42,12.61,13.35,15.62,9.05
Ponto Novo (BA),16.89,13.42,12.61,13.35,15.62,9.05
Porto Seguro (BA),16.89,13.42,12.61,13.35,15.62,9.05
Potiraguá (BA),16.89,13.42,12.61,13.35,15.62,9.05
Prado (BA),16.89,13.42,12.61,13.35,15.62,9.05
Presidente Dutra (BA),16.89,13.42,12.61,13.35,15.62,9.05
Presidente Jânio Quadros (BA),16.89,13.42,12.61,13.35,15.62,9.05
Presidente Tancredo Neves (BA),16.89,13.42,12.61,13.35,15.62,9.05
Queimadas (BA),16.89,13.42,12.61,13.35,15.62,9.05
Quijingue (BA),16.89,13.42,12.61,13.35,15.62,9.05
Quixabeira (BA),16.89,13.42,12.61,13.35,15.62,9.05
Rafael Jambeiro (BA),16.89,13.42,12.61,13.35,15.62,9.05
Remanso (BA),16.89,13.42,12.61,13.35,15.62,9.05
Retirolândia (BA),16.89,13.42,12.61,13.35,15.62,9.05
Riachão das Neves (BA),16.89,13.42,12.61,13.35,15.62,9.05
Riachão do Jacuípe (BA),16.89,13.42,12.61,13.35,15.62,9.05
Riacho de Santana (BA),16.89,13.42,12.61,13.35,15.62,9.05
Ribeira do Amparo (BA),16.89,13.42,12.61,13.35,15.62,9.05
Ribeira do Pombal (BA),16.89,13.42,12.61,13.35,15.62,9.05
Ribeirão do Largo (BA),16.89,13.42,12.61,13.35,15.62,9.05
Rio de Contas (BA),16.89,13.42,12.61,13.35,15.62,9.05
Rio do Antônio (BA),16.89,13.42,12.61,13.35,15.62,9.05
Rio do Pires (BA),16.89,13.42,12.61,13.35,15.62,9.05
Rio Real (BA),16.89,13.42,12.61,13.35,15.62,9.05
Rodelas (BA),16.89,13.42,12.61,13.35,15.62,9.05
Ruy Barbosa (BA),16.89,13.42,12.61,13.35,15.62,9.05
Salinas da Margarida (BA),16.89,13.42,12.61,13.35,15.62,9.05
Salvador (BA),16.89,13.42,12.61,13.35,15.62,9.05
Santa Bárbara (BA),16.89,13.42,12.61,13.35,15.62,9.05
Santa Brígida (BA),16.89,13.42,12.61,13.35,15.62,9.05
Santa Cruz Cabrália (BA),16.89,13.42,12.61,13.35,15.62,9.05
Santa Cruz da Vitória (BA),16.89,13.42,12.61,13.35,15.62,9.05
Santa Inês (BA),16.89,13.42,12.61,13.35,15.62,9.05
Santaluz (BA),16.89,13.42,12.61,13.35,15.62,9.05
Santa Luzia (BA),16.89,13.42,12.61,13.35,15.62,9.05
Santa Maria da Vitória (BA),16.89,13.42,12.61,13.35,15.62,9.05
Santana (BA),16.89,13.42,12.61,13.35,15.62,9.05
Santanópolis (BA),16.89,13.42,12.61,13.35,15.62,9.05
Santa Rita de Cássia (BA),16.89,13.42,12.61,13.35,15.62,9.05
Santa Terezinha (BA),16.89,13.42,12.61,13.35,15.62,9.05
Santo Amaro (BA),16.89,13.42,12.61,13.35,15.62,9.05
Santo Antônio de Jesus (BA),16.89,13.42,12.61,13.35,15.62,9.05
Santo Estêvão (BA),16.89,13.42,12.61,13.35,15.62,9.05
São Desidério (BA),16.89,13.42,12.61,13.35,15.62,9.05
São Domingos (BA),16.89,13.42,12.61,13.35,15.62,9.05
São Félix (BA),16.89,13.42,12.61,13.35,15.62,9.05
São Félix do Coribe (BA),16.89,13.42,12.61,13.35,15.62,9.05
São Felipe (BA),16.89,13.42,12.61,13.35,15.62,9.05
São Francisco do Conde (BA),16.89,13.42,12.61,13.35,15.62,9.05
São Gabriel (BA),16.89,13.42,12.61,13.35,15.62,9.05
São Gonçalo dos Campos (BA),16.89,13.42,12.61,13.35,15.62,9.05
São José da Vitória (BA),16.89,13.42,12.61,13.35,15.62,9.05
São José do Jacuípe (BA),16.89,13.42,12.61,13.35,15.62,9.05
São Miguel das Matas (BA),16.89,13.42,12.61,13.35,15.62,9.05
São Sebastião do Passé (BA),16.89,13.42,12.61,13.35,15.62,9.05
Sapeaçu (BA),16.89,13.42,12.61,13.35,15.62,9.05
Sátiro Dias (BA),16.89,13.42,12.61,13.35,15.62,9.05
Saubara (BA),16.89,13.42,12.61,13.35,15.62,9.05
Saúde (BA),16.89,13.42,12.61,13.35,15.62,9.05
Seabra (BA),16.89,13.42,12.61,13.35,15.62,9.05
Sebastião Laranjeiras (BA),16.89,13.42,12.61,13.35,15.62,9.05
Senhor do Bonfim (BA),16.89,13.42,12.61,13.35,15.62,9.05
Serra do Ramalho (BA),16.89,13.42,12.61,13.35,15.62,9.05
Sento Sé (BA),16.89,13.42,12.61,13.35,15.62,9.05
Serra Dourada (BA),16.89,13.42,12.61,13.35,15.62,9.05
Serra Preta (BA),16.89,13.42,12.61,13.35,15.62,9.05
Serrinha (BA),16.89,13.42,12.61,13.35,15.62,9.05
Serrolândia (BA),16.89,13.42,12.61,13.35,15.62,9.05
Simões Filho (BA),16.89,13.42,12.61,13.35,15.62,9.05
Sítio do Mato (BA),16.89,13.42,12.61,13.35,15.62,9.05
Sítio do Quinto (BA),16.89,13.42,12.61,13.35,15.62,9.05
Sobradinho (BA),16.89,13.42,12.61,13.35,15.62,9.05
Souto Soares (BA),16.89,13.42,12.61,13.35,15.62,9.05
Tabocas do Brejo Velho (BA),16.89,13.42,12.61,13.35,15.62,9.05
Tanhaçu (BA),16.89,13.42,12.61,13.35,15.62,9.05
Tanque Novo (BA),16.89,13.42,12.61,13.35,15.62,9.05
Tanquinho (BA),16.89,13.42,12.61,13.35,15.62,9.05
Taperoá (BA),16.89,13.42,12.61,13.35,15.62,9.05
Tapiramutá (BA),16.89,13.42,12.61,13.35,15.62,9.05
Teixeira de Freitas (BA),16.89,13.42,12.61,13.35,15.62,9.05
Teodoro Sampaio (BA),16.89,13.42,12.61,13.35,15.62,9.05
Teofilândia (BA),16.89,13.42,12.61,13.35,15.62,9.05
Teolândia (BA),16.89,13.42,12.61,13.35,15.62,9.05
Terra Nova (BA),16.89,13.42,12.61,13.35,15.62,9.05
Tremedal (BA),16.89,13.42,12.61,13.35,15.62,9.05
Tucano (BA),16.89,13.42,12.61,13.35,15.62,9.05
Uauá (BA),16.89,13.42,12.61,13.35,15.62,9.05
Ubaíra (BA),16.89,13.42,12.61,13.35,15.62,9.05
Ubaitaba (BA),16.89,13.42,12.61,13.35,15.62,9.05
Ubatã (BA),16.89,13.42,12.61,13.35,15.62,9.05
Uibaí (BA),16.89,13.42,12.61,13.35,15.62,9.05
Umburanas (BA),16.89,13.42,12.61,13.35,15.62,9.05
Una (BA),16.89,13.42,12.61,13.35,15.62,9.05
Urandi (BA),16.89,13.42,12.61,13.35,15.62,9.05
Uruçuca (BA),16.89,13.42,12.61,13.35,15.62,9.05
Utinga (BA),16.89,13.42,12.61,13.35,15.62,9.05
Valença (BA),16.89,13.42,12.61,13.35,15.62,9.05
Valente (BA),16.89,13.42,12.61,13.35,15.62,9.05
Várzea da Roça (BA),16.89,13.42,12.61,13.35,15.62,9.05
Várzea do Poço (BA),16.89,13.42,12.61,13.35,15.62,9.05
Várzea Nova (BA),16.89,13.42,12.61,13.35,15.62,9.05
Varzedo (BA),16.89,13.42,12.61,13.35,15.62,9.05
Vera Cruz (BA),16.89,13.42,12.61,13.35,15.62,9.05
Vereda (BA),16.89,13.42,12.61,13.35,15.62,9.05
Vitória da Conquista (BA),16.89,13.42,12.61,13.35,15.62,9.05
Wagner (BA),16.89,13.42,12.61,13.35,15.62,9.05
Wanderley (BA),16.89,13.42,12.61,13.35,15.62,9.05
Wenceslau Guimarães (BA),16.89,13.42,12.61,13.35,15.62,9.05
Xique-Xique (BA),16.89,13.42,12.61,13.35,15.62,9.05
Abaiara (CE),16.89,13.42,12.61,13.35,15.62,9.05
Acarape (CE),16.89,13.42,12.61,13.35,15.62,9.05
Acaraú (CE),16.89,13.42,12.61,13.35,15.62,9.05
Acopiara (CE),16.89,13.42,12.61,13.35,15.62,9.05
Aiuaba (CE),16.89,13.42,12.61,13.35,15.62,9.05
Alcântaras (CE),16.89,13.42,12.61,13.35,15.62,9.05
Altaneira (CE),16.89,13.42,12.61,13.35,15.62,9.05
Alto Santo (CE),16.89,13.42,12.61,13.35,15.62,9.05
Amontada (CE),16.89,13.42,12.61,13.35,15.62,9.05
Antonina do Norte (CE),16.89,13.42,12.61,13.35,15.62,9.05
Apuiarés (CE),16.89,13.42,12.61,13.35,15.62,9.05
Aquiraz (CE),16.89,13.42,12.61,13.35,15.62,9.05
Aracati (CE),16.89,13.42,12.61,13.35,15.62,9.05
Aracoiaba (CE),16.89,13.42,12.61,13.35,15.62,9.05
Ararendá (CE),16.89,13.42,12.61,13.35,15.62,9.05
Araripe (CE),16.89,13.42,12.61,13.35,15.62,9.05
Aratuba (CE),16.89,13.42,12.61,13.35,15.62,9.05
Arneiroz (CE),16.89,13.42,12.61,13.35,15.62,9.05
Assaré (CE),16.89,13.42,12.61,13.35,15.62,9.05
Aurora (CE),16.89,13.42,12.61,13.35,15.62,9.05
Baixio (CE),16.89,13.42,12.61,13.35,15.62,9.05
Banabuiú (CE),16.89,13.42,12.61,13.35,15.62,9.05
Barbalha (CE),16.89,13.42,12.61,13.35,15.62,9.05
Barreira (CE),16.89,13.42,12.61,13.35,15.62,9.05
Barro (CE),16.89,13.42,12.61,13.35,15.62,9.05
Barroquinha (CE),16.89,13.42,12.61,13.35,15.62,9.05
Baturité (CE),16.89,13.42,12.61,13.35,15.62,9.05
Beberibe (CE),16.89,13.42,12.61,13.35,15.62,9.05
Bela Cruz (CE),16.89,13.42,12.61,13.35,15.62,9.05
Boa Viagem (CE),16.89,13.42,12.61,13.35,15.62,9.05
Brejo Santo (CE),16.89,13.42,12.61,13.35,15.62,9.05
Camocim (CE),16.89,13.42,12.61,13.35,15.62,9.05
Campos Sales (CE),16.89,13.42,12.61,13.35,15.62,9.05
Canindé (CE),16.89,13.42,12.61,13.35,15.62,9.05
Capistrano (CE),16.89,13.42,12.61,13.35,15.62,9.05
Caridade (CE),16.89,13.42,12.61,13.35,15.62,9.05
Cariré (CE),16.89,13.42,12.61,13.35,15.62,9.05
Caririaçu (CE),16.89,13.42,12.61,13.35,15.62,9.05
Cariús (CE),16.89,13.42,12.61,13.35,15.62,9.05
Carnaubal (CE),16.89,13.42,12.61,13.35,15.62,9.05
Cascavel (CE),16.89,13.42,12.61,13.35,15.62,9.05
Catarina (CE),16.89,13.42,12.61,13.35,15.62,9.05
Catunda (CE),16.89,13.42,12.61,13.35,15.62,9.05
Caucaia (CE),16.89,13.42,12.61,13.35,15.62,9.05
Cedro (CE),16.89,13.42,12.61,13.35,15.62,9.05
Chaval (CE),16.89,13.42,12.61,13.35,15.62,9.05
Choró (CE),16.89,13.42,12.61,13.35,15.62,9.05
Chorozinho (CE),16.89,13.42,12.61,13.35,15.62,9.05
Coreaú (CE),16.89,13.42,12.61,13.35,15.62,9.05
Crateús (CE),16.89,13.42,12.61,13.35,15.62,9.05
Crato (CE),16.89,13.42,12.61,13.35,15.62,9.05
Croatá (CE),16.89,13.42,12.61,13.35,15.62,9.05
Cruz (CE),16.89,13.42,12.61,13.35,15.62,9.05
Deputado Irapuan Pinheiro (CE),16.89,13.42,12.61,13.35,15.62,9.05
Ererê (CE),16.89,13.42,12.61,13.35,15.62,9.05
Eusébio (CE),16.89,13.42,12.61,13.35,15.62,9.05
Farias Brito (CE),16.89,13.42,12.61,13.35,15.62,9.05
Forquilha (CE),16.89,13.42,12.61,13.35,15.62,9.05
Fortaleza (CE),16.89,13.42,12.61,13.35,15.62,9.05
Fortim (CE),16.89,13.42,12.61,13.35,15.62,9.05
Frecheirinha (CE),16.89,13.42,12.61,13.35,15.62,9.05
General Sampaio (CE),16.89,13.42,12.61,13.35,15.62,9.05
Graça (CE),16.89,13.42,12.61,13.35,15.62,9.05
Granja (CE),16.89,13.42,12.61,13.35,15.62,9.05
Granjeiro (CE),16.89,13.42,12.61,13.35,15.62,9.05
Groaíras (CE),16.89,13.42,12.61,13.35,15.62,9.05
Guaiúba (CE),16.89,13.42,12.61,13.35,15.62,9.05
Guaraciaba do Norte (CE),16.89,13.42,12.61,13.35,15.62,9.05
Guaramiranga (CE),16.89,13.42,12.61,13.35,15.62,9.05
Hidrolândia (CE),16.89,13.42,12.61,13.35,15.62,9.05
Horizonte (CE),16.89,13.42,12.61,13.35,15.62,9.05
Ibaretama (CE),16.89,13.42,12.61,13.35,15.62,9.05
Ibiapina (CE),16.89,13.42,12.61,13.35,15.62,9.05
Ibicuitinga (CE),16.89,13.42,12.61,13.35,15.62,9.05
Icapuí (CE),16.89,13.42,12.61,13.35,15.62,9.05
Icó (CE),16.89,13.42,12.61,13.35,15.62,9.05
Iguatu (CE),16.89,13.42,12.61,13.35,15.62,9.05
Independência (CE),16.89,13.42,12.61,13.35,15.62,9.05
Ipaporanga (CE),16.89,13.42,12.61,13.35,15.62,9.05
Ipaumirim (CE),16.89,13.42,12.61,13.35,15.62,9.05
Ipu (CE),16.89,13.42,12.61,13.35,15.62,9.05
Ipueiras (CE),16.89,13.42,12.61,13.35,15.62,9.05
Iracema (CE),16.89,13.42,12.61,13.35,15.62,9.05
Irauçuba (CE),16.89,13.42,12.61,13.35,15.62,9.05
Itaiçaba (CE),16.89,13.42,12.61,13.35,15.62,9.05
Itaitinga (CE),16.89,13.42,12.61,13.35,15.62,9.05
Itapajé (CE),16.89,13.42,12.61,13.35,15.62,9.05
Itapipoca (CE),16.89,13.42,12.61,13.35,15.62,9.05
Itapiúna (CE),16.89,13.42,12.61,13.35,15.62,9.05
Itarema (CE),16.89,13.42,12.61,13.35,15.62,9.05
Itatira (CE),16.89,13.42,12.61,13.35,15.62,9.05
Jaguaretama (CE),16.89,13.42,12.61,13.35,15.62,9.05
Jaguaribara (CE),16.89,13.42,12.61,13.35,15.62,9.05
Jaguaribe (CE),16.89,13.42,12.61,13.35,15.62,9.05
Jaguaruana (CE),16.89,13.42,12.61,13.35,15.62,9.05
Jardim (CE),16.89,13.42,12.61,13.35,15.62,9.05
Jati (CE),16.89,13.42,12.61,13.35,15.62,9.05
Jijoca de Jericoacoara (CE),16.89,13.42,12.61,13.35,15.62,9.05
Juazeiro do Norte (CE),16.89,13.42,12.61,13.35,15.62,9.05
Jucás (CE),16.89,13.42,12.61,13.35,15.62,9.05
Lavras da Mangabeira (CE),16.89,13.42,12.61,13.35,15.62,9.05
Limoeiro do Norte (CE),16.89,13.42,12.61,13.35,15.62,9.05
Madalena (CE),16.89,13.42,12.61,13.35,15.62,9.05
Maracanaú (CE),16.89,13.42,12.61,13.35,15.62,9.05
Maranguape (CE),16.89,13.42,12.61,13.35,15.62,9.05
Marco (CE),16.89,13.42,12.61,13.35,15.62,9.05
Martinópole (CE),16.89,13.42,12.61,13.35,15.62,9.05
Massapê (CE),16.89,13.42,12.61,13.35,15.62,9.05
Mauriti (CE),16.89,13.42,12.61,13.35,15.62,9.05
Meruoca (CE),16.89,13.42,12.61,13.35,15.62,9.05
Milagres (CE),16.89,13.42,12.61,13.35,15.62,9.05
Milhã (CE),16.89,13.42,12.61,13.35,15.62,9.05
Miraíma (CE),16.89,13.42,12.61,13.35,15.62,9.05
Missão Velha (CE),16.89,13.42,12.61,13.35,15.62,9.05
Mombaça (CE),16.89,13.42,12.61,13.35,15.62,9.05
Monsenhor Tabosa (CE),16.89,13.42,12.61,13.35,15.62,9.05
Morada Nova (CE),16.89,13.42,12.61,13.35,15.62,9.05
Moraújo (CE),16.89,13.42,12.61,13.35,15.62,9.05
Morrinhos (CE),16.89,13.42,12.61,13.35,15.62,9.05
Mucambo (CE),16.89,13.42,12.61,13.35,15.62,9.05
Mulungu (CE),16.89,13.42,12.61,13.35,15.62,9.05
Nova Olinda (CE),16.89,13.42,12.61,13.35,15.62,9.05
Nova Russas (CE),16.89,13.42,12.61,13.35,15.62,9.05
Novo Oriente (CE),16.89,13.42,12.61,13.35,15.62,9.05
Ocara (CE),16.89,13.42,12.61,13.35,15.62,9.05
Orós (CE),16.89,13.42,12.61,13.35,15.62,9.05
Pacajus (CE),16.89,13.42,12.61,13.35,15.62,9.05
Pacatuba (CE),16.89,13.42,12.61,13.35,15.62,9.05
Pacoti (CE),16.89,13.42,12.61,13.35,15.62,9.05
Pacujá (CE),16.89,13.42,12.61,13.35,15.62,9.05
Palhano (CE),16.89,13.42,12.61,13.35,15.62,9.05
Palmácia (CE),16.89,13.42,12.61,13.35,15.62,9.05
Paracuru (CE),16.89,13.42,12.61,13.35,15.62,9.05
Paraipaba (CE),16.89,13.42,12.61,13.35,15.62,9.05
Parambu (CE),16.89,13.42,12.61,13.35,15.62,9.05
Paramoti (CE),16.89,13.42,12.61,13.35,15.62,9.05
Pedra Branca (CE),16.89,13.42,12.61,13.35,15.62,9.05
Penaforte (CE),16.89,13.42,12.61,13.35,15.62,9.05
Pentecoste (CE),16.89,13.42,12.61,13.35,15.62,9.05
Pereiro (CE),16.89,13.42,12.61,13.35,15.62,9.05
Pindoretama (CE),16.89,13.42,12.61,13.35,15.62,9.05
Piquet Carneiro (CE),16.89,13.42,12.61,13.35,15.62,9.05
Pires Ferreira (CE),16.89,13.42,12.61,13.35,15.62,9.05
Poranga (CE),16.89,13.42,12.61,13.35,15.62,9.05
Porteiras (CE),16.89,13.42,12.61,13.35,15.62,9.05
Potengi (CE),16.89,13.42,12.61,13.35,15.62,9.05
Potiretama (CE),16.89,13.42,12.61,13.35,15.62,9.05
Quiterianópolis (CE),16.89,13.42,12.61,13.35,15.62,9.05
Quixadá (CE),16.89,13.42,12.61,13.35,15.62,9.05
Quixelô (CE),16.89,13.42,12.61,13.35,15.62,9.05
Quixeramobim (CE),16.89,13.42,12.61,13.35,15.62,9.05
Quixeré (CE),16.89,13.42,12.61,13.35,15.62,9.05
Redenção (CE),16.89,13.42,12.61,13.35,15.62,9.05
Reriutaba (CE),16.89,13.42,12.61,13.35,15.62,9.05
Russas (CE),16.89,13.42,12.61,13.35,15.62,9.05
Saboeiro (CE),16.89,13.42,12.61,13.35,15.62,9.05
Salitre (CE),16.89,13.42,12.61,13.35,15.62,9.05
Santana do Acaraú (CE),16.89,13.42,12.61,13.35,15.62,9.05
Santana do Cariri (CE),16.89,13.42,12.61,13.35,15.62,9.05
Santa Quitéria (CE),16.89,13.42,12.61,13.35,15.62,9.05
São Benedito (CE),16.89,13.42,12.61,13.35,15.62,9.05
São Gonçalo do Amarante (CE),16.89,13.42,12.61,13.35,15.62,9.05
São João do Jaguaribe (CE),16.89,13.42,12.61,13.35,15.62,9.05
São Luís do Curu (CE),16.89,13.42,12.61,13.35,15.62,9.05
Senador Pompeu (CE),16.89,13.42,12.61,13.35,15.62,9.05
Senador Sá (CE),16.89,13.42,12.61,13.35,15.62,9.05
Sobral (CE),16.89,13.42,12.61,13.35,15.62,9.05
Solonópole (CE),16.89,13.42,12.61,13.35,15.62,9.05
Tabuleiro do Norte (CE),16.89,13.42,12.61,13.35,15.62,9.05
Tamboril (CE),16.89,13.42,12.61,13.35,15.62,9.05
Tarrafas (CE),16.89,13.42,12.61,13.35,15.62,9.05
Tauá (CE),16.89,13.42,12.61,13.35,15.62,9.05
Tejuçuoca (CE),16.89,13.42,12.61,13.35,15.62,9.05
Tianguá (CE),16.89,13.42,12.61,13.35,15.62,9.05
Trairi (CE),16.89,13.42,12.61,13.35,15.62,9.05
Tururu (CE),16.89,13.42,12.61,13.35,15.62,9.05
Ubajara (CE),16.89,13.42,12.61,13.35,15.62,9.05
Umari (CE),16.89,13.42,12.61,13.35,15.62,9.05
Umirim (CE),16.89,13.42,12.61,13.35,15.62,9.05
Uruburetama (CE),16.89,13.42,12.61,13.35,15.62,9.05
Uruoca (CE),16.89,13.42,12.61,13.35,15.62,9.05
Varjota (CE),16.89,13.42,12.61,13.35,15.62,9.05
Várzea Alegre (CE),16.89,13.42,12.61,13.35,15.62,9.05
Viçosa do Ceará (CE),16.89,13.42,12.61,13.35,15.62,9.05
ARACRUZ (ES),16.89,13.42,12.61,13.35,15.62,9.05
ITAGUAÇU (ES),16.89,13.42,12.61,13.35,15.62,9.05
ITARANA (ES),16.89,13.42,12.61,13.35,15.62,9.05
Águia Branca (ES),16.89,13.42,12.61,13.35,15.62,9.05
Água Doce do Norte (ES),16.89,13.42,12.61,13.35,15.62,9.05
Alto Rio Novo (ES),16.89,13.42,12.61,13.35,15.62,9.05
Baixo Guandu (ES),16.89,13.42,12.61,13.35,15.62,9.05
Barra de São Francisco (ES),16.89,13.42,12.61,13.35,15.62,9.05
Boa Esperança (ES),16.89,13.42,12.61,13.35,15.62,9.05
Colatina (ES),16.89,13.42,12.61,13.35,15.62,9.05
Conceição da Barra (ES),16.89,13.42,12.61,13.35,15.62,9.05
Ecoporanga (ES),16.89,13.42,12.61,13.35,15.62,9.05
Governador Lindenberg (ES),16.89,13.42,12.61,13.35,15.62,9.05
Jaguaré (ES),16.89,13.42,12.61,13.35,15.62,9.05
Linhares (ES),16.89,13.42,12.61,13.35,15.62,9.05
Mantenópolis (ES),16.89,13.42,12.61,13.35,15.62,9.05
Marilândia (ES),16.89,13.42,12.61,13.35,15.62,9.05
Montanha (ES),16.89,13.42,12.61,13.35,15.62,9.05
Mucurici (ES),16.89,13.42,12.61,13.35,15.62,9.05
Nova Venécia (ES),16.89,13.42,12.61,13.35,15.62,9.05
Pancas (ES),16.89,13.42,12.61,13.35,15.62,9.05
Pedro Canário (ES),16.89,13.42,12.61,13.35,15.62,9.05
Pinheiros (ES),16.89,13.42,12.61,13.35,15.62,9.05
Ponto Belo (ES),16.89,13.42,12.61,13.35,15.62,9.05
Rio Bananal (ES),16.89,13.42,12.61,13.35,15.62,9.05
São Domingos do Norte (ES),16.89,13.42,12.61,13.35,15.62,9.05
São Gabriel da Palha (ES),16.89,13.42,12.61,13.35,15.62,9.05
São Mateus (ES),16.89,13.42,12.61,13.35,15.62,9.05
Sooretama (ES),16.89,13.42,12.61,13.35,15.62,9.05
Vila Pavão (ES),16.89,13.42,12.61,13.35,15.62,9.05
Vila Valério (ES),16.89,13.42,12.61,13.35,15.62,9.05
Açailândia (MA),16.89,13.42,12.61,13.35,15.62,9.05
Afonso Cunha (MA),16.89,13.42,12.61,13.35,15.62,9.05
Água Doce do Maranhão (MA),16.89,13.42,12.61,13.35,15.62,9.05
Alcântara (MA),16.89,13.42,12.61,13.35,15.62,9.05
Aldeias Altas (MA),16.89,13.42,12.61,13.35,15.62,9.05
Altamira do Maranhão (MA),16.89,13.42,12.61,13.35,15.62,9.05
Alto Alegre do Maranhão (MA),16.89,13.42,12.61,13.35,15.62,9.05
Alto Alegre do Pindaré (MA),16.89,13.42,12.61,13.35,15.62,9.05
Alto Parnaíba (MA),16.89,13.42,12.61,13.35,15.62,9.05
Amapá do Maranhão (MA),16.89,13.42,12.61,13.35,15.62,9.05
Amarante do Maranhão (MA),16.89,13.42,12.61,13.35,15.62,9.05
Anajatuba (MA),16.89,13.42,12.61,13.35,15.62,9.05
Anapurus (MA),16.89,13.42,12.61,13.35,15.62,9.05
Apicum-Açu (MA),16.89,13.42,12.61,13.35,15.62,9.05
Araguanã (MA),16.89,13.42,12.61,13.35,15.62,9.05
Araioses (MA),16.89,13.42,12.61,13.35,15.62,9.05
Arame (MA),16.89,13.42,12.61,13.35,15.62,9.05
Arari (MA),16.89,13.42,12.61,13.35,15.62,9.05
Axixá (MA),16.89,13.42,12.61,13.35,15.62,9.05
Bacabal (MA),16.89,13.42,12.61,13.35,15.62,9.05
Bacabeira (MA),16.89,13.42,12.61,13.35,15.62,9.05
Bacuri (MA),16.89,13.42,12.61,13.35,15.62,9.05
Bacurituba (MA),16.89,13.42,12.61,13.35,15.62,9.05
Balsas (MA),16.89,13.42,12.61,13.35,15.62,9.05
Barão de Grajaú (MA),16.89,13.42,12.61,13.35,15.62,9.05
Barra do Corda (MA),16.89,13.42,12.61,13.35,15.62,9.05
Barreirinhas (MA),16.89,13.42,12.61,13.35,15.62,9.05
Belágua (MA),16.89,13.42,12.61,13.35,15.62,9.05
Bela Vista do Maranhão (MA),16.89,13.42,12.61,13.35,15.62,9.05
Benedito Leite (MA),16.89,13.42,12.61,13.35,15.62,9.05
Bequimão (MA),16.89,13.42,12.61,13.35,15.62,9.05
Bernardo do Mearim (MA),16.89,13.42,12.61,13.35,15.62,9.05
Boa Vista do Gurupi (MA),16.89,13.42,12.61,13.35,15.62,9.05
Bom Jardim (MA),16.89,13.42,12.61,13.35,15.62,9.05
Bom Jesus das Selvas (MA),16.89,13.42,12.61,13.35,15.62,9.05
Bom Lugar (MA),16.89,13.42,12.61,13.35,15.62,9.05
Brejo (MA),16.89,13.42,12.61,13.35,15.62,9.05
Brejo de Areia (MA),16.89,13.42,12.61,13.35,15.62,9.05
Buriti (MA),16.89,13.42,12.61,13.35,15.62,9.05
Buriti Bravo (MA),16.89,13.42,12.61,13.35,15.62,9.05
Buriticupu (MA),16.89,13.42,12.61,13.35,15.62,9.05
Buritirana (MA),16.89,13.42,12.61,13.35,15.62,9.05
Cachoeira Grande (MA),16.89,13.42,12.61,13.35,15.62,9.05
Cajapió (MA),16.89,13.42,12.61,13.35,15.62,9.05
Cajari (MA),16.89,13.42,12.61,13.35,15.62,9.05
Campestre do Maranhão (MA),16.89,13.42,12.61,13.35,15.62,9.05
Cândido Mendes (MA),16.89,13.42,12.61,13.35,15.62,9.05
Cantanhede (MA),16.89,13.42,12.61,13.35,15.62,9.05
Capinzal do Norte (MA),16.89,13.42,12.61,13.35,15.62,9.05
Carolina (MA),16.89,13.42,12.61,13.35,15.62,9.05
Carutapera (MA),16.89,13.42,12.61,13.35,15.62,9.05
Caxias (MA),16.89,13.42,12.61,13.35,15.62,9.05
Cedral (MA),16.89,13.42,12.61,13.35,15.62,9.05
Central do Maranhão (MA),16.89,13.42,12.61,13.35,15.62,9.05
Centro do Guilherme (MA),16.89,13.42,12.61,13.35,15.62,9.05
Centro Novo do Maranhão (MA),16.89,13.42,12.61,13.35,15.62,9.05
Chapadinha (MA),16.89,13.42,12.61,13.35,15.62,9.05
Cidelândia (MA),16.89,13.42,12.61,13.35,15.62,9.05
Codó (MA),16.89,13.42,12.61,13.35,15.62,9.05
Coelho Neto (MA),16.89,13.42,12.61,13.35,15.62,9.05
Colinas (MA),16.89,13.42,12.61,13.35,15.62,9.05
Conceição do Lago-Açu (MA),16.89,13.42,12.61,13.35,15.62,9.05
Coroatá (MA),16.89,13.42,12.61,13.35,15.62,9.05
Cururupu (MA),16.89,13.42,12.61,13.35,15.62,9.05
Davinópolis (MA),16.89,13.42,12.61,13.35,15.62,9.05
Dom Pedro (MA),16.89,13.42,12.61,13.35,15.62,9.05
Duque Bacelar (MA),16.89,13.42,12.61,13.35,15.62,9.05
Esperantinópolis (MA),16.89,13.42,12.61,13.35,15.62,9.05
Estreito (MA),16.89,13.42,12.61,13.35,15.62,9.05
Feira Nova do Maranhão (MA),16.89,13.42,12.61,13.35,15.62,9.05
Fernando Falcão (MA),16.89,13.42,12.61,13.35,15.62,9.05
Formosa da Serra Negra (MA),16.89,13.42,12.61,13.35,15.62,9.05
Fortaleza dos Nogueiras (MA),16.89,13.42,12.61,13.35,15.62,9.05
Fortuna (MA),16.89,13.42,12.61,13.35,15.62,9.05
Godofredo Viana (MA),16.89,13.42,12.61,13.35,15.62,9.05
Gonçalves Dias (MA),16.89,13.42,12.61,13.35,15.62,9.05
Governador Archer (MA),16.89,13.42,12.61,13.35,15.62,9.05
Governador Edison Lobão (MA),16.89,13.42,12.61,13.35,15.62,9.05
Governador Eugênio Barros (MA),16.89,13.42,12.61,13.35,15.62,9.05
Governador Luiz Rocha (MA),16.89,13.42,12.61,13.35,15.62,9.05
Governador Newton Bello (MA),16.89,13.42,12.61,13.35,15.62,9.05
Governador Nunes Freire (MA),16.89,13.42,12.61,13.35,15.62,9.05
Graça Aranha (MA),16.89,13.42,12.61,13.35,15.62,9.05
Grajaú (MA),16.89,13.42,12.61,13.35,15.62,9.05
Guimarães (MA),16.89,13.42,12.61,13.35,15.62,9.05
Humberto de Campos (MA),16.89,13.42,12.61,13.35,15.62,9.05
Icatu (MA),16.89,13.42,12.61,13.35,15.62,9.05
Igarapé do Meio (MA),16.89,13.42,12.61,13.35,15.62,9.05
Igarapé Grande (MA),16.89,13.42,12.61,13.35,15.62,9.05
Imperatriz (MA),16.89,13.42,12.61,13.35,15.62,9.05
Itaipava do Grajaú (MA),16.89,13.42,12.61,13.35,15.62,9.05
Itapecuru Mirim (MA),16.89,13.42,12.61,13.35,15.62,9.05
Itinga do Maranhão (MA),16.89,13.42,12.61,13.35,15.62,9.05
Jatobá (MA),16.89,13.42,12.61,13.35,15.62,9.05
Jenipapo dos Vieiras (MA),16.89,13.42,12.61,13.35,15.62,9.05
João Lisboa (MA),16.89,13.42,12.61,13.35,15.62,9.05
Joselândia (MA),16.89,13.42,12.61,13.35,15.62,9.05
Junco do Maranhão (MA),16.89,13.42,12.61,13.35,15.62,9.05
Lago da Pedra (MA),16.89,13.42,12.61,13.35,15.62,9.05
Lago do Junco (MA),16.89,13.42,12.61,13.35,15.62,9.05
Lago Verde (MA),16.89,13.42,12.61,13.35,15.62,9.05
Lagoa do Mato (MA),16.89,13.42,12.61,13.35,15.62,9.05
Lago dos Rodrigues (MA),16.89,13.42,12.61,13.35,15.62,9.05
Lagoa Grande do Maranhão (MA),16.89,13.42,12.61,13.35,15.62,9.05
Lajeado Novo (MA),16.89,13.42,12.61,13.35,15.62,9.05
Lima Campos (MA),16.89,13.42,12.61,13.35,15.62,9.05
Loreto (MA),16.89,13.42,12.61,13.35,15.62,9.05
Luís Domingues (MA),16.89,13.42,12.61,13.35,15.62,9.05
Magalhães de Almeida (MA),16.89,13.42,12.61,13.35,15.62,9.05
Maracaçumé (MA),16.89,13.42,12.61,13.35,15.62,9.05
Marajá do Sena (MA),16.89,13.42,12.61,13.35,15.62,9.05
Maranhãozinho (MA),16.89,13.42,12.61,13.35,15.62,9.05
Mata Roma (MA),16.89,13.42,12.61,13.35,15.62,9.05
Matinha (MA),16.89,13.42,12.61,13.35,15.62,9.05
Matões (MA),16.89,13.42,12.61,13.35,15.62,9.05
Matões do Norte (MA),16.89,13.42,12.61,13.35,15.62,9.05
Milagres do Maranhão (MA),16.89,13.42,12.61,13.35,15.62,9.05
Mirador (MA),16.89,13.42,12.61,13.35,15.62,9.05
Miranda do Norte (MA),16.89,13.42,12.61,13.35,15.62,9.05
Mirinzal (MA),16.89,13.42,12.61,13.35,15.62,9.05
Monção (MA),16.89,13.42,12.61,13.35,15.62,9.05
Montes Altos (MA),16.89,13.42,12.61,13.35,15.62,9.05
Morros (MA),16.89,13.42,12.61,13.35,15.62,9.05
Nina Rodrigues (MA),16.89,13.42,12.61,13.35,15.62,9.05
Nova Colinas (MA),16.89,13.42,12.61,13.35,15.62,9.05
Nova Iorque (MA),16.89,13.42,12.61,13.35,15.62,9.05
Nova Olinda do Maranhão (MA),16.89,13.42,12.61,13.35,15.62,9.05
Olho d'Água das Cunhãs (MA),16.89,13.42,12.61,13.35,15.62,9.05
Olinda Nova do Maranhão (MA),16.89,13.42,12.61,13.35,15.62,9.05
Paço do Lumiar (MA),16.89,13.42,12.61,13.35,15.62,9.05
Palmeirândia (MA),16.89,13.42,12.61,13.35,15.62,9.05
Paraibano (MA),16.89,13.42,12.61,13.35,15.62,9.05
Parnarama (MA),16.89,13.42,12.61,13.35,15.62,9.05
Passagem Franca (MA),16.89,13.42,12.61,13.35,15.62,9.05
Pastos Bons (MA),16.89,13.42,12.61,13.35,15.62,9.05
Paulino Neves (MA),16.89,13.42,12.61,13.35,15.62,9.05
Paulo Ramos (MA),16.89,13.42,12.61,13.35,15.62,9.05
Pedreiras (MA),16.89,13.42,12.61,13.35,15.62,9.05
Pedro do Rosário (MA),16.89,13.42,12.61,13.35,15.62,9.05
Penalva (MA),16.89,13.42,12.61,13.35,15.62,9.05
Peri Mirim (MA),16.89,13.42,12.61,13.35,15.62,9.05
Peritoró (MA),16.89,13.42,12.61,13.35,15.62,9.05
Pindaré-Mirim (MA),16.89,13.42,12.61,13.35,15.62,9.05
Pinheiro (MA),16.89,13.42,12.61,13.35,15.62,9.05
Pio XII (MA),16.89,13.42,12.61,13.35,15.62,9.05
Pirapemas (MA),16.89,13.42,12.61,13.35,15.62,9.05
Poção de Pedras (MA),16.89,13.42,12.61,13.35,15.62,9.05
Porto Franco (MA),16.89,13.42,12.61,13.35,15.62,9.05
Porto Rico do Maranhão (MA),16.89,13.42,12.61,13.35,15.62,9.05
Presidente Dutra (MA),16.89,13.42,12.61,13.35,15.62,9.05
Presidente Juscelino (MA),16.89,13.42,12.61,13.35,15.62,9.05
Presidente Médici (MA),16.89,13.42,12.61,13.35,15.62,9.05
Presidente Sarney (MA),16.89,13.42,12.61,13.35,15.62,9.05
Presidente Vargas (MA),16.89,13.42,12.61,13.35,15.62,9.05
Primeira Cruz (MA),16.89,13.42,12.61,13.35,15.62,9.05
Raposa (MA),16.89,13.42,12.61,13.35,15.62,9.05
Riachão (MA),16.89,13.42,12.61,13.35,15.62,9.05
Ribamar Fiquene (MA),16.89,13.42,12.61,13.35,15.62,9.05
Rosário (MA),16.89,13.42,12.61,13.35,15.62,9.05
Sambaíba (MA),16.89,13.42,12.61,13.35,15.62,9.05
Santa Filomena do Maranhão (MA),16.89,13.42,12.61,13.35,15.62,9.05
Santa Helena (MA),16.89,13.42,12.61,13.35,15.62,9.05
Santa Inês (MA),16.89,13.42,12.61,13.35,15.62,9.05
Santa Luzia (MA),16.89,13.42,12.61,13.35,15.62,9.05
Santa Luzia do Paruá (MA),16.89,13.42,12.61,13.35,15.62,9.05
Santa Quitéria do Maranhão (MA),16.89,13.42,12.61,13.35,15.62,9.05
Santa Rita (MA),16.89,13.42,12.61,13.35,15.62,9.05
Santana do Maranhão (MA),16.89,13.42,12.61,13.35,15.62,9.05
Santo Amaro do Maranhão (MA),16.89,13.42,12.61,13.35,15.62,9.05
Santo Antônio dos Lopes (MA),16.89,13.42,12.61,13.35,15.62,9.05
São Benedito do Rio Preto (MA),16.89,13.42,12.61,13.35,15.62,9.05
São Bento (MA),16.89,13.42,12.61,13.35,15.62,9.05
São Bernardo (MA),16.89,13.42,12.61,13.35,15.62,9.05
São Domingos do Azeitão (MA),16.89,13.42,12.61,13.35,15.62,9.05
São Domingos do Maranhão (MA),16.89,13.42,12.61,13.35,15.62,9.05
São Félix de Balsas (MA),16.89,13.42,12.61,13.35,15.62,9.05
São Francisco do Brejão (MA),16.89,13.42,12.61,13.35,15.62,9.05
São Francisco do Maranhão (MA),16.89,13.42,12.61,13.35,15.62,9.05
São João Batista (MA),16.89,13.42,12.61,13.35,15.62,9.05
São João do Carú (MA),16.89,13.42,12.61,13.35,15.62,9.05
São João do Paraíso (MA),16.89,13.42,12.61,13.35,15.62,9.05
São João do Soter (MA),16.89,13.42,12.61,13.35,15.62,9.05
São João dos Patos (MA),16.89,13.42,12.61,13.35,15.62,9.05
São José de Ribamar (MA),16.89,13.42,12.61,13.35,15.62,9.05
São José dos Basílios (MA),16.89,13.42,12.61,13.35,15.62,9.05
São Luís (MA),16.89,13.42,12.61,13.35,15.62,9.05
São Luís Gonzaga do Maranhão (MA),16.89,13.42,12.61,13.35,15.62,9.05
São Mateus do Maranhão (MA),16.89,13.42,12.61,13.35,15.62,9.05
São Pedro da Água Branca (MA),16.89,13.42,12.61,13.35,15.62,9.05
São Pedro dos Crentes (MA),16.89,13.42,12.61,13.35,15.62,9.05
São Raimundo das Mangabeiras (MA),16.89,13.42,12.61,13.35,15.62,9.05
São Raimundo do Doca Bezerra (MA),16.89,13.42,12.61,13.35,15.62,9.05
São Roberto (MA),16.89,13.42,12.61,13.35,15.62,9.05
São Vicente Ferrer (MA),16.89,13.42,12.61,13.35,15.62,9.05
Satubinha (MA),16.89,13.42,12.61,13.35,15.62,9.05
Senador Alexandre Costa (MA),16.89,13.42,12.61,13.35,15.62,9.05
Senador La Rocque (MA),16.89,13.42,12.61,13.35,15.62,9.05
Serrano do Maranhão (MA),16.89,13.42,12.61,13.35,15.62,9.05
Sítio Novo (MA),16.89,13.42,12.61,13.35,15.62,9.05
Sucupira do Norte (MA),16.89,13.42,12.61,13.35,15.62,9.05
Sucupira do Riachão (MA),16.89,13.42,12.61,13.35,15.62,9.05
Tasso Fragoso (MA),16.89,13.42,12.61,13.35,15.62,9.05
Timbiras (MA),16.89,13.42,12.61,13.35,15.62,9.05
Timon (MA),16.89,13.42,12.61,13.35,15.62,9.05
Trizidela do Vale (MA),16.89,13.42,12.61,13.35,15.62,9.05
Tufilândia (MA),16.89,13.42,12.61,13.35,15.62,9.05
Tuntum (MA),16.89,13.42,12.61,13.35,15.62,9.05
Turiaçu (MA),16.89,13.42,12.61,13.35,15.62,9.05
Turilândia (MA),16.89,13.42,12.61,13.35,15.62,9.05
Tutóia (MA),16.89,13.42,12.61,13.35,15.62,9.05
Urbano Santos (MA),16.89,13.42,12.61,13.35,15.62,9.05
Vargem Grande (MA),16.89,13.42,12.61,13.35,15.62,9.05
Viana (MA),16.89,13.42,12.61,13.35,15.62,9.05
Vila Nova dos Martírios (MA),16.89,13.42,12.61,13.35,15.62,9.05
Vitória do Mearim (MA),16.89,13.42,12.61,13.35,15.62,9.05
Vitorino Freire (MA),16.89,13.42,12.61,13.35,15.62,9.05
Zé Doca (MA),16.89,13.42,12.61,13.35,15.62,9.05
AÇUCENA (MG),16.89,13.42,12.61,13.35,15.62,9.05
ÁGUA BOA (MG),16.89,13.42,12.61,13.35,15.62,9.05
AIMORÉS (MG),16.89,13.42,12.61,13.35,15.62,9.05
ALPERCATA (MG),16.89,13.42,12.61,13.35,15.62,9.05
ALVARENGA (MG),16.89,13.42,12.61,13.35,15.62,9.05
BONFINÓPOLIS DE MINAS (MG),16.89,13.42,12.61,13.35,15.62,9.05
BRAÚNAS (MG),16.89,13.42,12.61,13.35,15.62,9.05
CANTAGALO (MG),16.89,13.42,12.61,13.35,15.62,9.05
CAPITÃO ANDRADE (MG),16.89,13.42,12.61,13.35,15.62,9.05
CARMÉSIA (MG),16.89,13.42,12.61,13.35,15.62,9.05
CENTRAL DE MINAS (MG),16.89,13.42,12.61,13.35,15.62,9.05
COLUNA (MG),16.89,13.42,12.61,13.35,15.62,9.05
CONSELHEIRO PENA (MG),16.89,13.42,12.61,13.35,15.62,9.05
COROACI (MG),16.89,13.42,12.61,13.35,15.62,9.05
CUPARAQUE (MG),16.89,13.42,12.61,13.35,15.62,9.05
DIVINO DAS LARANJEIRAS (MG),16.89,13.42,12.61,13.35,15.62,9.05
DIVINOLÂNDIA DE MINAS (MG),16.89,13.42,12.61,13.35,15.62,9.05
DOM BOSCO (MG),16.89,13.42,12.61,13.35,15.62,9.05
DORES DE GUANHÃES (MG),16.89,13.42,12.61,13.35,15.62,9.05
ENGENHEIRO CALDAS (MG),16.89,13.42,12.61,13.35,15.62,9.05
FERNANDES TOURINHO (MG),16.89,13.42,12.61,13.35,15.62,9.05
FREI INOCÊNCIO (MG),16.89,13.42,12.61,13.35,15.62,9.05
FREI LAGONEGRO (MG),16.89,13.42,12.61,13.35,15.62,9.05
GALILÉIA (MG),16.89,13.42,12.61,13.35,15.62,9.05
GOIABEIRA (MG),16.89,13.42,12.61,13.35,15.62,9.05
GONZAGA (MG),16.89,13.42,12.61,13.35,15.62,9.05
GOVERNADOR VALADARES (MG),16.89,13.42,12.61,13.35,15.62,9.05
GUANHÃES (MG),16.89,13.42,12.61,13.35,15.62,9.05
IMBÉ DE MINAS (MG),16.89,13.42,12.61,13.35,15.62,9.05
INHAPIM (MG),16.89,13.42,12.61,13.35,15.62,9.05
ITABIRINHA (MG),16.89,13.42,12.61,13.35,15.62,9.05
ITANHOMI (MG),16.89,13.42,12.61,13.35,15.62,9.05
ITUETA (MG),16.89,13.42,12.61,13.35,15.62,9.05
JAMPRUCA (MG),16.89,13.42,12.61,13.35,15.62,9.05
JOSÉ RAYDAN (MG),16.89,13.42,12.61,13.35,15.62,9.05
MANTENA (MG),16.89,13.42,12.61,13.35,15.62,9.05
MARILAC (MG),16.89,13.42,12.61,13.35,15.62,9.05
MATERLÂNDIA (MG),16.89,13.42,12.61,13.35,15.62,9.05
MENDES PIMENTEL (MG),16.89,13.42,12.61,13.35,15.62,9.05
MUTUM (MG),16.89,13.42,12.61,13.35,15.62,9.05
NACIP RAYDAN (MG),16.89,13.42,12.61,13.35,15.62,9.05
NAQUE (MG),16.89,13.42,12.61,13.35,15.62,9.05
NATALÂNDIA (MG),16.89,13.42,12.61,13.35,15.62,9.05
NOVA BELÉM (MG),16.89,13.42,12.61,13.35,15.62,9.05
NOVA MÓDICA (MG),16.89,13.42,12.61,13.35,15.62,9.05
PAULISTAS (MG),16.89,13.42,12.61,13.35,15.62,9.05
PEÇANHA (MG),16.89,13.42,12.61,13.35,15.62,9.05
PERIQUITO (MG),16.89,13.42,12.61,13.35,15.62,9.05
PIEDADE DE CARATINGA (MG),16.89,13.42,12.61,13.35,15.62,9.05
RESPLENDOR (MG),16.89,13.42,12.61,13.35,15.62,9.05
SABINÓPOLIS (MG),16.89,13.42,12.61,13.35,15.62,9.05
SANTA BÁRBARA DO LESTE (MG),16.89,13.42,12.61,13.35,15.62,9.05
SANTA EFIGÊNIA DE MINAS (MG),16.89,13.42,12.61,13.35,15.62,9.05
SANTA MARIA DO SUAÇUÍ (MG),16.89,13.42,12.61,13.35,15.62,9.05
SANTA RITA DE MINAS (MG),16.89,13.42,12.61,13.35,15.62,9.05
SANTA RITA DO ITUETO (MG),16.89,13.42,12.61,13.35,15.62,9.05
SANTO ANTÔNIO DO ITAMBÉ (MG),16.89,13.42,12.61,13.35,15.62,9.05
SÃO DOMINGOS DAS DORES (MG),16.89,13.42,12.61,13.35,15.62,9.05
SÃO FÉLIX DE MINAS (MG),16.89,13.42,12.61,13.35,15.62,9.05
SÃO GERALDO DA PIEDADE (MG),16.89,13.42,12.61,13.35,15.62,9.05
SÃO GERALDO DO BAIXIO (MG),16.89,13.42,12.61,13.35,15.62,9.05
SÃO JOÃO DA MANTENINHA (MG),16.89,13.42,12.61,13.35,15.62,9.05
SÃO JOÃO EVANGELISTA (MG),16.89,13.42,12.61,13.35,15.62,9.05
SÃO JOSÉ DA SAFIRA (MG),16.89,13.42,12.61,13.35,15.62,9.05
SÃO JOSÉ DO DIVINO (MG),16.89,13.42,12.61,13.35,15.62,9.05
SÃO JOSÉ DO JACURI (MG),16.89,13.42,12.61,13.35,15.62,9.05
SÃO PEDRO DO SUAÇUÍ (MG),16.89,13.42,12.61,13.35,15.62,9.05
SÃO SEBASTIÃO DO ANTA (MG),16.89,13.42,12.61,13.35,15.62,9.05
SÃO SEBASTIÃO DO MARANHÃO (MG),16.89,13.42,12.61,13.35,15.62,9.05
SARDOÁ (MG),16.89,13.42,12.61,13.35,15.62,9.05
SENHORA DO PORTO (MG),16.89,13.42,12.61,13.35,15.62,9.05
SERRA AZUL DE MINAS (MG),16.89,13.42,12.61,13.35,15.62,9.05
SOBRÁLIA (MG),16.89,13.42,12.61,13.35,15.62,9.05
TAPARUBA (MG),16.89,13.42,12.61,13.35,15.62,9.05
TARUMIRIM (MG),16.89,13.42,12.61,13.35,15.62,9.05
TUMIRITINGA (MG),16.89,13.42,12.61,13.35,15.62,9.05
UBAPORANGA (MG),16.89,13.42,12.61,13.35,15.62,9.05
URUANA DE MINAS (MG),16.89,13.42,12.61,13.35,15.62,9.05
MATHIAS LOBATO (MG),16.89,13.42,12.61,13.35,15.62,9.05
VIRGINÓPOLIS (MG),16.89,13.42,12.61,13.35,15.62,9.05
VIRGOLÂNDIA (MG),16.89,13.42,12.61,13.35,15.62,9.05
Águas Formosas (MG),16.89,13.42,12.61,13.35,15.62,9.05
Águas Vermelhas (MG),16.89,13.42,12.61,13.35,15.62,9.05
Almenara (MG),16.89,13.42,12.61,13.35,15.62,9.05
Cachoeira de Pajeú (MG),16.89,13.42,12.61,13.35,15.62,9.05
Angelândia (MG),16.89,13.42,12.61,13.35,15.62,9.05
Araçuaí (MG),16.89,13.42,12.61,13.35,15.62,9.05
Aricanduva (MG),16.89,13.42,12.61,13.35,15.62,9.05
Arinos (MG),16.89,13.42,12.61,13.35,15.62,9.05
Ataléia (MG),16.89,13.42,12.61,13.35,15.62,9.05
Bandeira (MG),16.89,13.42,12.61,13.35,15.62,9.05
Berilo (MG),16.89,13.42,12.61,13.35,15.62,9.05
Bertópolis (MG),16.89,13.42,12.61,13.35,15.62,9.05
Berizal (MG),16.89,13.42,12.61,13.35,15.62,9.05
Bocaiúva (MG),16.89,13.42,12.61,13.35,15.62,9.05
Bonito de Minas (MG),16.89,13.42,12.61,13.35,15.62,9.05
Botumirim (MG),16.89,13.42,12.61,13.35,15.62,9.05
Brasília de Minas (MG),16.89,13.42,12.61,13.35,15.62,9.05
Buritizeiro (MG),16.89,13.42,12.61,13.35,15.62,9.05
Campanário (MG),16.89,13.42,12.61,13.35,15.62,9.05
Campo Azul (MG),16.89,13.42,12.61,13.35,15.62,9.05
Capelinha (MG),16.89,13.42,12.61,13.35,15.62,9.05
Capitão Enéas (MG),16.89,13.42,12.61,13.35,15.62,9.05
Caraí (MG),16.89,13.42,12.61,13.35,15.62,9.05
Carbonita (MG),16.89,13.42,12.61,13.35,15.62,9.05
Carlos Chagas (MG),16.89,13.42,12.61,13.35,15.62,9.05
Catuji (MG),16.89,13.42,12.61,13.35,15.62,9.05
Catuti (MG),16.89,13.42,12.61,13.35,15.62,9.05
Chapada do Norte (MG),16.89,13.42,12.61,13.35,15.62,9.05
Chapada Gaúcha (MG),16.89,13.42,12.61,13.35,15.62,9.05
Claro dos Poções (MG),16.89,13.42,12.61,13.35,15.62,9.05
Comercinho (MG),16.89,13.42,12.61,13.35,15.62,9.05
Cônego Marinho (MG),16.89,13.42,12.61,13.35,15.62,9.05
Coração de Jesus (MG),16.89,13.42,12.61,13.35,15.62,9.05
Coronel Murta (MG),16.89,13.42,12.61,13.35,15.62,9.05
Couto de Magalhães de Minas (MG),16.89,13.42,12.61,13.35,15.62,9.05
Crisólita (MG),16.89,13.42,12.61,13.35,15.62,9.05
Cristália (MG),16.89,13.42,12.61,13.35,15.62,9.05
Curral de Dentro (MG),16.89,13.42,12.61,13.35,15.62,9.05
Datas (MG),16.89,13.42,12.61,13.35,15.62,9.05
Diamantina (MG),16.89,13.42,12.61,13.35,15.62,9.05
Divisa Alegre (MG),16.89,13.42,12.61,13.35,15.62,9.05
Divisópolis (MG),16.89,13.42,12.61,13.35,15.62,9.05
Engenheiro Navarro (MG),16.89,13.42,12.61,13.35,15.62,9.05
Espinosa (MG),16.89,13.42,12.61,13.35,15.62,9.05
Felício dos Santos (MG),16.89,13.42,12.61,13.35,15.62,9.05
São Gonçalo do Rio Preto (MG),16.89,13.42,12.61,13.35,15.62,9.05
Felisburgo (MG),16.89,13.42,12.61,13.35,15.62,9.05
Formoso (MG),16.89,13.42,12.61,13.35,15.62,9.05
Francisco Badaró (MG),16.89,13.42,12.61,13.35,15.62,9.05
Francisco Dumont (MG),16.89,13.42,12.61,13.35,15.62,9.05
Francisco Sá (MG),16.89,13.42,12.61,13.35,15.62,9.05
Franciscópolis (MG),16.89,13.42,12.61,13.35,15.62,9.05
Frei Gaspar (MG),16.89,13.42,12.61,13.35,15.62,9.05
Fronteira dos Vales (MG),16.89,13.42,12.61,13.35,15.62,9.05
Fruta de Leite (MG),16.89,13.42,12.61,13.35,15.62,9.05
Gameleiras (MG),16.89,13.42,12.61,13.35,15.62,9.05
Glaucilândia (MG),16.89,13.42,12.61,13.35,15.62,9.05
Grão Mogol (MG),16.89,13.42,12.61,13.35,15.62,9.05
Guaraciama (MG),16.89,13.42,12.61,13.35,15.62,9.05
Ibiaí (MG),16.89,13.42,12.61,13.35,15.62,9.05
Ibiracatu (MG),16.89,13.42,12.61,13.35,15.62,9.05
Icaraí de Minas (MG),16.89,13.42,12.61,13.35,15.62,9.05
Indaiabira (MG),16.89,13.42,12.61,13.35,15.62,9.05
Itacambira (MG),16.89,13.42,12.61,13.35,15.62,9.05
Itacarambi (MG),16.89,13.42,12.61,13.35,15.62,9.05
Itaipé (MG),16.89,13.42,12.61,13.35,15.62,9.05
Itamarandiba (MG),16.89,13.42,12.61,13.35,15.62,9.05
Itambacuri (MG),16.89,13.42,12.61,13.35,15.62,9.05
Itaobim (MG),16.89,13.42,12.61,13.35,15.62,9.05
Itinga (MG),16.89,13.42,12.61,13.35,15.62,9.05
Jacinto (MG),16.89,13.42,12.61,13.35,15.62,9.05
Jaíba (MG),16.89,13.42,12.61,13.35,15.62,9.05
Janaúba (MG),16.89,13.42,12.61,13.35,15.62,9.05
Januária (MG),16.89,13.42,12.61,13.35,15.62,9.05
Japonvar (MG),16.89,13.42,12.61,13.35,15.62,9.05
Jenipapo de Minas (MG),16.89,13.42,12.61,13.35,15.62,9.05
Jequitaí (MG),16.89,13.42,12.61,13.35,15.62,9.05
Jequitinhonha (MG),16.89,13.42,12.61,13.35,15.62,9.05
Joaíma (MG),16.89,13.42,12.61,13.35,15.62,9.05
Jordânia (MG),16.89,13.42,12.61,13.35,15.62,9.05
José Gonçalves de Minas (MG),16.89,13.42,12.61,13.35,15.62,9.05
Josenópolis (MG),16.89,13.42,12.61,13.35,15.62,9.05
Juramento (MG),16.89,13.42,12.61,13.35,15.62,9.05
Juvenília (MG),16.89,13.42,12.61,13.35,15.62,9.05
Ladainha (MG),16.89,13.42,12.61,13.35,15.62,9.05
Lagoa dos Patos (MG),16.89,13.42,12.61,13.35,15.62,9.05
Lassance (MG),16.89,13.42,12.61,13.35,15.62,9.05
Leme do Prado (MG),16.89,13.42,12.61,13.35,15.62,9.05
Lontra (MG),16.89,13.42,12.61,13.35,15.62,9.05
Luislândia (MG),16.89,13.42,12.61,13.35,15.62,9.05
Machacalis (MG),16.89,13.42,12.61,13.35,15.62,9.05
Malacacheta (MG),16.89,13.42,12.61,13.35,15.62,9.05
Mamonas (MG),16.89,13.42,12.61,13.35,15.62,9.05
Manga (MG),16.89,13.42,12.61,13.35,15.62,9.05
Mata Verde (MG),16.89,13.42,12.61,13.35,15.62,9.05
Matias Cardoso (MG),16.89,13.42,12.61,13.35,15.62,9.05
Mato Verde (MG),16.89,13.42,12.61,13.35,15.62,9.05
Medina (MG),16.89,13.42,12.61,13.35,15.62,9.05
Minas Novas (MG),16.89,13.42,12.61,13.35,15.62,9.05
Mirabela (MG),16.89,13.42,12.61,13.35,15.62,9.05
Miravânia (MG),16.89,13.42,12.61,13.35,15.62,9.05
Montalvânia (MG),16.89,13.42,12.61,13.35,15.62,9.05
Monte Azul (MG),16.89,13.42,12.61,13.35,15.62,9.05
Monte Formoso (MG),16.89,13.42,12.61,13.35,15.62,9.05
Montes Claros (MG),16.89,13.42,12.61,13.35,15.62,9.05
Montezuma (MG),16.89,13.42,12.61,13.35,15.62,9.05
Nanuque (MG),16.89,13.42,12.61,13.35,15.62,9.05
Ninheira (MG),16.89,13.42,12.61,13.35,15.62,9.05
Nova Porteirinha (MG),16.89,13.42,12.61,13.35,15.62,9.05
Novo Cruzeiro (MG),16.89,13.42,12.61,13.35,15.62,9.05
Novo Oriente de Minas (MG),16.89,13.42,12.61,13.35,15.62,9.05
Novorizonte (MG),16.89,13.42,12.61,13.35,15.62,9.05
Olhos-d'Água (MG),16.89,13.42,12.61,13.35,15.62,9.05
Ouro Verde de Minas (MG),16.89,13.42,12.61,13.35,15.62,9.05
Padre Carvalho (MG),16.89,13.42,12.61,13.35,15.62,9.05
Padre Paraíso (MG),16.89,13.42,12.61,13.35,15.62,9.05
Pai Pedro (MG),16.89,13.42,12.61,13.35,15.62,9.05
Palmópolis (MG),16.89,13.42,12.61,13.35,15.62,9.05
Patis (MG),16.89,13.42,12.61,13.35,15.62,9.05
Pavão (MG),16.89,13.42,12.61,13.35,15.62,9.05
Pedra Azul (MG),16.89,13.42,12.61,13.35,15.62,9.05
Pedras de Maria da Cruz (MG),16.89,13.42,12.61,13.35,15.62,9.05
Pescador (MG),16.89,13.42,12.61,13.35,15.62,9.05
Pintópolis (MG),16.89,13.42,12.61,13.35,15.62,9.05
Pirapora (MG),16.89,13.42,12.61,13.35,15.62,9.05
Ponto Chique (MG),16.89,13.42,12.61,13.35,15.62,9.05
Ponto dos Volantes (MG),16.89,13.42,12.61,13.35,15.62,9.05
Porteirinha (MG),16.89,13.42,12.61,13.35,15.62,9.05
Poté (MG),16.89,13.42,12.61,13.35,15.62,9.05
Riachinho (MG),16.89,13.42,12.61,13.35,15.62,9.05
Riacho dos Machados (MG),16.89,13.42,12.61,13.35,15.62,9.05
Rio do Prado (MG),16.89,13.42,12.61,13.35,15.62,9.05
Rio Pardo de Minas (MG),16.89,13.42,12.61,13.35,15.62,9.05
Rio Vermelho (MG),16.89,13.42,12.61,13.35,15.62,9.05
Rubelita (MG),16.89,13.42,12.61,13.35,15.62,9.05
Rubim (MG),16.89,13.42,12.61,13.35,15.62,9.05
Salinas (MG),16.89,13.42,12.61,13.35,15.62,9.05
Salto da Divisa (MG),16.89,13.42,12.61,13.35,15.62,9.05
Santa Cruz de Salinas (MG),16.89,13.42,12.61,13.35,15.62,9.05
Santa Fé de Minas (MG),16.89,13.42,12.61,13.35,15.62,9.05
Santa Helena de Minas (MG),16.89,13.42,12.61,13.35,15.62,9.05
Santa Maria do Salto (MG),16.89,13.42,12.61,13.35,15.62,9.05
Santo Antônio do Jacinto (MG),16.89,13.42,12.61,13.35,15.62,9.05
Santo Antônio do Retiro (MG),16.89,13.42,12.61,13.35,15.62,9.05
São Francisco (MG),16.89,13.42,12.61,13.35,15.62,9.05
São João da Lagoa (MG),16.89,13.42,12.61,13.35,15.62,9.05
São João da Ponte (MG),16.89,13.42,12.61,13.35,15.62,9.05
São João das Missões (MG),16.89,13.42,12.61,13.35,15.62,9.05
São João do Pacuí (MG),16.89,13.42,12.61,13.35,15.62,9.05
São João do Paraíso (MG),16.89,13.42,12.61,13.35,15.62,9.05
São Romão (MG),16.89,13.42,12.61,13.35,15.62,9.05
Setubinha (MG),16.89,13.42,12.61,13.35,15.62,9.05
Senador Modestino Gonçalves (MG),16.89,13.42,12.61,13.35,15.62,9.05
Serra dos Aimorés (MG),16.89,13.42,12.61,13.35,15.62,9.05
Serranópolis de Minas (MG),16.89,13.42,12.61,13.35,15.62,9.05
Serro (MG),16.89,13.42,12.61,13.35,15.62,9.05
Taiobeiras (MG),16.89,13.42,12.61,13.35,15.62,9.05
Teófilo Otoni (MG),16.89,13.42,12.61,13.35,15.62,9.05
Turmalina (MG),16.89,13.42,12.61,13.35,15.62,9.05
Ubaí (MG),16.89,13.42,12.61,13.35,15.62,9.05
Umburatiba (MG),16.89,13.42,12.61,13.35,15.62,9.05
Urucuia (MG),16.89,13.42,12.61,13.35,15.62,9.05
Vargem Grande do Rio Pardo (MG),16.89,13.42,12.61,13.35,15.62,9.05
Várzea da Palma (MG),16.89,13.42,12.61,13.35,15.62,9.05
Varzelândia (MG),16.89,13.42,12.61,13.35,15.62,9.05
Verdelândia (MG),16.89,13.42,12.61,13.35,15.62,9.05
Veredinha (MG),16.89,13.42,12.61,13.35,15.62,9.05
Virgem da Lapa (MG),16.89,13.42,12.61,13.35,15.62,9.05
Água Branca (PB),16.89,13.42,12.61,13.35,15.62,9.05
Aguiar (PB),16.89,13.42,12.61,13.35,15.62,9.05
Alagoa Grande (PB),16.89,13.42,12.61,13.35,15.62,9.05
Alagoa Nova (PB),16.89,13.42,12.61,13.35,15.62,9.05
Alagoinha (PB),16.89,13.42,12.61,13.35,15.62,9.05
Alcantil (PB),16.89,13.42,12.61,13.35,15.62,9.05
Algodão de Jandaíra (PB),16.89,13.42,12.61,13.35,15.62,9.05
Alhandra (PB),16.89,13.42,12.61,13.35,15.62,9.05
São João do Rio do Peixe (PB),16.89,13.42,12.61,13.35,15.62,9.05
Amparo (PB),16.89,13.42,12.61,13.35,15.62,9.05
Aparecida (PB),16.89,13.42,12.61,13.35,15.62,9.05
Araçagi (PB),16.89,13.42,12.61,13.35,15.62,9.05
Arara (PB),16.89,13.42,12.61,13.35,15.62,9.05
Araruna (PB),16.89,13.42,12.61,13.35,15.62,9.05
Areia (PB),16.89,13.42,12.61,13.35,15.62,9.05
Areia de Baraúnas (PB),16.89,13.42,12.61,13.35,15.62,9.05
Areial (PB),16.89,13.42,12.61,13.35,15.62,9.05
Aroeiras (PB),16.89,13.42,12.61,13.35,15.62,9.05
Assunção (PB),16.89,13.42,12.61,13.35,15.62,9.05
Baía da Traição (PB),16.89,13.42,12.61,13.35,15.62,9.05
Bananeiras (PB),16.89,13.42,12.61,13.35,15.62,9.05
Baraúna (PB),16.89,13.42,12.61,13.35,15.62,9.05
Barra de Santana (PB),16.89,13.42,12.61,13.35,15.62,9.05
Barra de Santa Rosa (PB),16.89,13.42,12.61,13.35,15.62,9.05
Barra de São Miguel (PB),16.89,13.42,12.61,13.35,15.62,9.05
Bayeux (PB),16.89,13.42,12.61,13.35,15.62,9.05
Belém (PB),16.89,13.42,12.61,13.35,15.62,9.05
Belém do Brejo do Cruz (PB),16.89,13.42,12.61,13.35,15.62,9.05
Bernardino Batista (PB),16.89,13.42,12.61,13.35,15.62,9.05
Boa Ventura (PB),16.89,13.42,12.61,13.35,15.62,9.05
Boa Vista (PB),16.89,13.42,12.61,13.35,15.62,9.05
Bom Jesus (PB),16.89,13.42,12.61,13.35,15.62,9.05
Bom Sucesso (PB),16.89,13.42,12.61,13.35,15.62,9.05
Bonito de Santa Fé (PB),16.89,13.42,12.61,13.35,15.62,9.05
Boqueirão (PB),16.89,13.42,12.61,13.35,15.62,9.05
Igaracy (PB),16.89,13.42,12.61,13.35,15.62,9.05
Borborema (PB),16.89,13.42,12.61,13.35,15.62,9.05
Brejo do Cruz (PB),16.89,13.42,12.61,13.35,15.62,9.05
Brejo dos Santos (PB),16.89,13.42,12.61,13.35,15.62,9.05
Caaporã (PB),16.89,13.42,12.61,13.35,15.62,9.05
Cabaceiras (PB),16.89,13.42,12.61,13.35,15.62,9.05
Cabedelo (PB),16.89,13.42,12.61,13.35,15.62,9.05
Cachoeira dos Índios (PB),16.89,13.42,12.61,13.35,15.62,9.05
Cacimba de Areia (PB),16.89,13.42,12.61,13.35,15.62,9.05
Cacimba de Dentro (PB),16.89,13.42,12.61,13.35,15.62,9.05
Cacimbas (PB),16.89,13.42,12.61,13.35,15.62,9.05
Caiçara (PB),16.89,13.42,12.61,13.35,15.62,9.05
Cajazeiras (PB),16.89,13.42,12.61,13.35,15.62,9.05
Cajazeirinhas (PB),16.89,13.42,12.61,13.35,15.62,9.05
Caldas Brandão (PB),16.89,13.42,12.61,13.35,15.62,9.05
Camalaú (PB),16.89,13.42,12.61,13.35,15.62,9.05
Campina Grande (PB),16.89,13.42,12.61,13.35,15.62,9.05
Capim (PB),16.89,13.42,12.61,13.35,15.62,9.05
Caraúbas (PB),16.89,13.42,12.61,13.35,15.62,9.05
Carrapateira (PB),16.89,13.42,12.61,13.35,15.62,9.05
Casserengue (PB),16.89,13.42,12.61,13.35,15.62,9.05
Catingueira (PB),16.89,13.42,12.61,13.35,15.62,9.05
Catolé do Rocha (PB),16.89,13.42,12.61,13.35,15.62,9.05
Caturité (PB),16.89,13.42,12.61,13.35,15.62,9.05
Conceição (PB),16.89,13.42,12.61,13.35,15.62,9.05
Condado (PB),16.89,13.42,12.61,13.35,15.62,9.05
Conde (PB),16.89,13.42,12.61,13.35,15.62,9.05
Congo (PB),16.89,13.42,12.61,13.35,15.62,9.05
Coremas (PB),16.89,13.42,12.61,13.35,15.62,9.05
Coxixola (PB),16.89,13.42,12.61,13.35,15.62,9.05
Cruz do Espírito Santo (PB),16.89,13.42,12.61,13.35,15.62,9.05
Cubati (PB),16.89,13.42,12.61,13.35,15.62,9.05
Cuité (PB),16.89,13.42,12.61,13.35,15.62,9.05
Cuitegi (PB),16.89,13.42,12.61,13.35,15.62,9.05
Cuité de Mamanguape (PB),16.89,13.42,12.61,13.35,15.62,9.05
Curral de Cima (PB),16.89,13.42,12.61,13.35,15.62,9.05
Curral Velho (PB),16.89,13.42,12.61,13.35,15.62,9.05
Damião (PB),16.89,13.42,12.61,13.35,15.62,9.05
Desterro (PB),16.89,13.42,12.61,13.35,15.62,9.05
Vista Serrana (PB),16.89,13.42,12.61,13.35,15.62,9.05
Diamante (PB),16.89,13.42,12.61,13.35,15.62,9.05
Dona Inês (PB),16.89,13.42,12.61,13.35,15.62,9.05
Duas Estradas (PB),16.89,13.42,12.61,13.35,15.62,9.05
Emas (PB),16.89,13.42,12.61,13.35,15.62,9.05
Esperança (PB),16.89,13.42,12.61,13.35,15.62,9.05
Fagundes (PB),16.89,13.42,12.61,13.35,15.62,9.05
Frei Martinho (PB),16.89,13.42,12.61,13.35,15.62,9.05
Gado Bravo (PB),16.89,13.42,12.61,13.35,15.62,9.05
Guarabira (PB),16.89,13.42,12.61,13.35,15.62,9.05
Gurinhém (PB),16.89,13.42,12.61,13.35,15.62,9.05
Gurjão (PB),16.89,13.42,12.61,13.35,15.62,9.05
Ibiara (PB),16.89,13.42,12.61,13.35,15.62,9.05
Imaculada (PB),16.89,13.42,12.61,13.35,15.62,9.05
Ingá (PB),16.89,13.42,12.61,13.35,15.62,9.05
Itabaiana (PB),16.89,13.42,12.61,13.35,15.62,9.05
Itaporanga (PB),16.89,13.42,12.61,13.35,15.62,9.05
Itapororoca (PB),16.89,13.42,12.61,13.35,15.62,9.05
Itatuba (PB),16.89,13.42,12.61,13.35,15.62,9.05
Jacaraú (PB),16.89,13.42,12.61,13.35,15.62,9.05
Jericó (PB),16.89,13.42,12.61,13.35,15.62,9.05
João Pessoa (PB),16.89,13.42,12.61,13.35,15.62,9.05
Juarez Távora (PB),16.89,13.42,12.61,13.35,15.62,9.05
Juazeirinho (PB),16.89,13.42,12.61,13.35,15.62,9.05
Junco do Seridó (PB),16.89,13.42,12.61,13.35,15.62,9.05
Juripiranga (PB),16.89,13.42,12.61,13.35,15.62,9.05
Juru (PB),16.89,13.42,12.61,13.35,15.62,9.05
Lagoa (PB),16.89,13.42,12.61,13.35,15.62,9.05
Lagoa de Dentro (PB),16.89,13.42,12.61,13.35,15.62,9.05
Lagoa Seca (PB),16.89,13.42,12.61,13.35,15.62,9.05
Lastro (PB),16.89,13.42,12.61,13.35,15.62,9.05
Livramento (PB),16.89,13.42,12.61,13.35,15.62,9.05
Logradouro (PB),16.89,13.42,12.61,13.35,15.62,9.05
Lucena (PB),16.89,13.42,12.61,13.35,15.62,9.05
Mãe d'Água (PB),16.89,13.42,12.61,13.35,15.62,9.05
Malta (PB),16.89,13.42,12.61,13.35,15.62,9.05
Mamanguape (PB),16.89,13.42,12.61,13.35,15.62,9.05
Manaíra (PB),16.89,13.42,12.61,13.35,15.62,9.05
Marcação (PB),16.89,13.42,12.61,13.35,15.62,9.05
Mari (PB),16.89,13.42,12.61,13.35,15.62,9.05
Marizópolis (PB),16.89,13.42,12.61,13.35,15.62,9.05
Massaranduba (PB),16.89,13.42,12.61,13.35,15.62,9.05
Mataraca (PB),16.89,13.42,12.61,13.35,15.62,9.05
Matinhas (PB),16.89,13.42,12.61,13.35,15.62,9.05
Mato Grosso (PB),16.89,13.42,12.61,13.35,15.62,9.05
Maturéia (PB),16.89,13.42,12.61,13.35,15.62,9.05
Mogeiro (PB),16.89,13.42,12.61,13.35,15.62,9.05
Montadas (PB),16.89,13.42,12.61,13.35,15.62,9.05
Monte Horebe (PB),16.89,13.42,12.61,13.35,15.62,9.05
Monteiro (PB),16.89,13.42,12.61,13.35,15.62,9.05
Mulungu (PB),16.89,13.42,12.61,13.35,15.62,9.05
Natuba (PB),16.89,13.42,12.61,13.35,15.62,9.05
Nazarezinho (PB),16.89,13.42,12.61,13.35,15.62,9.05
Nova Floresta (PB),16.89,13.42,12.61,13.35,15.62,9.05
Nova Olinda (PB),16.89,13.42,12.61,13.35,15.62,9.05
Nova Palmeira (PB),16.89,13.42,12.61,13.35,15.62,9.05
Olho d'Água (PB),16.89,13.42,12.61,13.35,15.62,9.05
Olivedos (PB),16.89,13.42,12.61,13.35,15.62,9.05
Ouro Velho (PB),16.89,13.42,12.61,13.35,15.62,9.05
Parari (PB),16.89,13.42,12.61,13.35,15.62,9.05
Passagem (PB),16.89,13.42,12.61,13.35,15.62,9.05
Patos (PB),16.89,13.42,12.61,13.35,15.62,9.05
Paulista (PB),16.89,13.42,12.61,13.35,15.62,9.05
Pedra Branca (PB),16.89,13.42,12.61,13.35,15.62,9.05
Pedra Lavrada (PB),16.89,13.42,12.61,13.35,15.62,9.05
Pedras de Fogo (PB),16.89,13.42,12.61,13.35,15.62,9.05
Piancó (PB),16.89,13.42,12.61,13.35,15.62,9.05
Picuí (PB),16.89,13.42,12.61,13.35,15.62,9.05
Pilar (PB),16.89,13.42,12.61,13.35,15.62,9.05
Pilões (PB),16.89,13.42,12.61,13.35,15.62,9.05
Pilõezinhos (PB),16.89,13.42,12.61,13.35,15.62,9.05
Pirpirituba (PB),16.89,13.42,12.61,13.35,15.62,9.05
Pitimbu (PB),16.89,13.42,12.61,13.35,15.62,9.05
Pocinhos (PB),16.89,13.42,12.61,13.35,15.62,9.05
Poço Dantas (PB),16.89,13.42,12.61,13.35,15.62,9.05
Poço de José de Moura (PB),16.89,13.42,12.61,13.35,15.62,9.05
Pombal (PB),16.89,13.42,12.61,13.35,15.62,9.05
Prata (PB),16.89,13.42,12.61,13.35,15.62,9.05
Princesa Isabel (PB),16.89,13.42,12.61,13.35,15.62,9.05
Puxinanã (PB),16.89,13.42,12.61,13.35,15.62,9.05
Queimadas (PB),16.89,13.42,12.61,13.35,15.62,9.05
Quixaba (PB),16.89,13.42,12.61,13.35,15.62,9.05
Remígio (PB),16.89,13.42,12.61,13.35,15.62,9.05
Pedro Régis (PB),16.89,13.42,12.61,13.35,15.62,9.05
Riachão (PB),16.89,13.42,12.61,13.35,15.62,9.05
Riachão do Bacamarte (PB),16.89,13.42,12.61,13.35,15.62,9.05
Riachão do Poço (PB),16.89,13.42,12.61,13.35,15.62,9.05
Riacho de Santo Antônio (PB),16.89,13.42,12.61,13.35,15.62,9.05
Riacho dos Cavalos (PB),16.89,13.42,12.61,13.35,15.62,9.05
Rio Tinto (PB),16.89,13.42,12.61,13.35,15.62,9.05
Salgadinho (PB),16.89,13.42,12.61,13.35,15.62,9.05
Salgado de São Félix (PB),16.89,13.42,12.61,13.35,15.62,9.05
Santa Cecília (PB),16.89,13.42,12.61,13.35,15.62,9.05
Santa Cruz (PB),16.89,13.42,12.61,13.35,15.62,9.05
Santa Helena (PB),16.89,13.42,12.61,13.35,15.62,9.05
Santa Inês (PB),16.89,13.42,12.61,13.35,15.62,9.05
Santa Luzia (PB),16.89,13.42,12.61,13.35,15.62,9.05
Santana de Mangueira (PB),16.89,13.42,12.61,13.35,15.62,9.05
Santana dos Garrotes (PB),16.89,13.42,12.61,13.35,15.62,9.05
Joca Claudino (PB),16.89,13.42,12.61,13.35,15.62,9.05
Santa Rita (PB),16.89,13.42,12.61,13.35,15.62,9.05
Santa Teresinha (PB),16.89,13.42,12.61,13.35,15.62,9.05
Santo André (PB),16.89,13.42,12.61,13.35,15.62,9.05
São Bento (PB),16.89,13.42,12.61,13.35,15.62,9.05
São Bentinho (PB),16.89,13.42,12.61,13.35,15.62,9.05
São Domingos do Cariri (PB),16.89,13.42,12.61,13.35,15.62,9.05
São Domingos (PB),16.89,13.42,12.61,13.35,15.62,9.05
São Francisco (PB),16.89,13.42,12.61,13.35,15.62,9.05
São João do Cariri (PB),16.89,13.42,12.61,13.35,15.62,9.05
São João do Tigre (PB),16.89,13.42,12.61,13.35,15.62,9.05
São José da Lagoa Tapada (PB),16.89,13.42,12.61,13.35,15.62,9.05
São José de Caiana (PB),16.89,13.42,12.61,13.35,15.62,9.05
São José de Espinharas (PB),16.89,13.42,12.61,13.35,15.62,9.05
São José dos Ramos (PB),16.89,13.42,12.61,13.35,15.62,9.05
São José de Piranhas (PB),16.89,13.42,12.61,13.35,15.62,9.05
São José de Princesa (PB),16.89,13.42,12.61,13.35,15.62,9.05
São José do Bonfim (PB),16.89,13.42,12.61,13.35,15.62,9.05
São José do Brejo do Cruz (PB),16.89,13.42,12.61,13.35,15.62,9.05
São José do Sabugi (PB),16.89,13.42,12.61,13.35,15.62,9.05
São José dos Cordeiros (PB),16.89,13.42,12.61,13.35,15.62,9.05
São Mamede (PB),16.89,13.42,12.61,13.35,15.62,9.05
São Miguel de Taipu (PB),16.89,13.42,12.61,13.35,15.62,9.05
São Sebastião de Lagoa de Roça (PB),16.89,13.42,12.61,13.35,15.62,9.05
São Sebastião do Umbuzeiro (PB),16.89,13.42,12.61,13.35,15.62,9.05
Sapé (PB),16.89,13.42,12.61,13.35,15.62,9.05
São Vicente do Seridó (PB),16.89,13.42,12.61,13.35,15.62,9.05
Serra Branca (PB),16.89,13.42,12.61,13.35,15.62,9.05
Serra da Raiz (PB),16.89,13.42,12.61,13.35,15.62,9.05
Serra Grande (PB),16.89,13.42,12.61,13.35,15.62,9.05
Serra Redonda (PB),16.89,13.42,12.61,13.35,15.62,9.05
Serraria (PB),16.89,13.42,12.61,13.35,15.62,9.05
Sertãozinho (PB),16.89,13.42,12.61,13.35,15.62,9.05
Sobrado (PB),16.89,13.42,12.61,13.35,15.62,9.05
Solânea (PB),16.89,13.42,12.61,13.35,15.62,9.05
Soledade (PB),16.89,13.42,12.61,13.35,15.62,9.05
Sossêgo (PB),16.89,13.42,12.61,13.35,15.62,9.05
Sousa (PB),16.89,13.42,12.61,13.35,15.62,9.05
Sumé (PB),16.89,13.42,12.61,13.35,15.62,9.05
Tacima (PB),16.89,13.42,12.61,13.35,15.62,9.05
Taperoá (PB),16.89,13.42,12.61,13.35,15.62,9.05
Tavares (PB),16.89,13.42,12.61,13.35,15.62,9.05
Teixeira (PB),16.89,13.42,12.61,13.35,15.62,9.05
Tenório (PB),16.89,13.42,12.61,13.35,15.62,9.05
Triunfo (PB),16.89,13.42,12.61,13.35,15.62,9.05
Uiraúna (PB),16.89,13.42,12.61,13.35,15.62,9.05
Umbuzeiro (PB),16.89,13.42,12.61,13.35,15.62,9.05
Várzea (PB),16.89,13.42,12.61,13.35,15.62,9.05
Vieirópolis (PB),16.89,13.42,12.61,13.35,15.62,9.05
Zabelê (PB),16.89,13.42,12.61,13.35,15.62,9.05
Abreu e Lima (PE),16.89,13.42,12.61,13.35,15.62,9.05
Afogados da Ingazeira (PE),16.89,13.42,12.61,13.35,15.62,9.05
Afrânio (PE),16.89,13.42,12.61,13.35,15.62,9.05
Agrestina (PE),16.89,13.42,12.61,13.35,15.62,9.05
Água Preta (PE),16.89,13.42,12.61,13.35,15.62,9.05
Águas Belas (PE),16.89,13.42,12.61,13.35,15.62,9.05
Alagoinha (PE),16.89,13.42,12.61,13.35,15.62,9.05
Aliança (PE),16.89,13.42,12.61,13.35,15.62,9.05
Altinho (PE),16.89,13.42,12.61,13.35,15.62,9.05
Amaraji (PE),16.89,13.42,12.61,13.35,15.62,9.05
Angelim (PE),16.89,13.42,12.61,13.35,15.62,9.05
Araçoiaba (PE),16.89,13.42,12.61,13.35,15.62,9.05
Araripina (PE),16.89,13.42,12.61,13.35,15.62,9.05
Arcoverde (PE),16.89,13.42,12.61,13.35,15.62,9.05
Barra de Guabiraba (PE),16.89,13.42,12.61,13.35,15.62,9.05
Barreiros (PE),16.89,13.42,12.61,13.35,15.62,9.05
Belém de Maria (PE),16.89,13.42,12.61,13.35,15.62,9.05
Belém do São Francisco (PE),16.89,13.42,12.61,13.35,15.62,9.05
Belo Jardim (PE),16.89,13.42,12.61,13.35,15.62,9.05
Betânia (PE),16.89,13.42,12.61,13.35,15.62,9.05
Bezerros (PE),16.89,13.42,12.61,13.35,15.62,9.05
Bodocó (PE),16.89,13.42,12.61,13.35,15.62,9.05
Bom Conselho (PE),16.89,13.42,12.61,13.35,15.62,9.05
Bom Jardim (PE),16.89,13.42,12.61,13.35,15.62,9.05
Bonito (PE),16.89,13.42,12.61,13.35,15.62,9.05
Brejão (PE),16.89,13.42,12.61,13.35,15.62,9.05
Brejinho (PE),16.89,13.42,12.61,13.35,15.62,9.05
Brejo da Madre de Deus (PE),16.89,13.42,12.61,13.35,15.62,9.05
Buenos Aires (PE),16.89,13.42,12.61,13.35,15.62,9.05
Buíque (PE),16.89,13.42,12.61,13.35,15.62,9.05
Cabo de Santo Agostinho (PE),16.89,13.42,12.61,13.35,15.62,9.05
Cabrobó (PE),16.89,13.42,12.61,13.35,15.62,9.05
Cachoeirinha (PE),16.89,13.42,12.61,13.35,15.62,9.05
Caetés (PE),16.89,13.42,12.61,13.35,15.62,9.05
Calçado (PE),16.89,13.42,12.61,13.35,15.62,9.05
Calumbi (PE),16.89,13.42,12.61,13.35,15.62,9.05
Camaragibe (PE),16.89,13.42,12.61,13.35,15.62,9.05
Camocim de São Félix (PE),16.89,13.42,12.61,13.35,15.62,9.05
Camutanga (PE),16.89,13.42,12.61,13.35,15.62,9.05
Camutanga (PE),16.89,13.42,12.61,13.35,15.62,9.05
Camutanga (PE),16.89,13.42,12.61,13.35,15.62,9.05
Camutanga (PE),16.89,13.42,12.61,13.35,15.62,9.05
Camutanga (PE),16.89,13.42,12.61,13.35,15.62,9.05
Camutanga (PE),16.89,13.42,12.61,13.35,15.62,9.05
Camutanga (PE),16.89,13.42,12.61,13.35,15.62,9.05
Camutanga (PE),16.89,13.42,12.61,13.35,15.62,9.05
Camutanga (PE),16.89,13.42,12.61,13.35,15.62,9.05
Camutanga (PE),16.89,13.42,12.61,13.35,15.62,9.05
Camutanga (PE),16.89,13.42,12.61,13.35,15.62,9.05
Camutanga (PE),16.89,13.42,12.61,13.35,15.62,9.05
Camutanga (PE),16.89,13.42,12.61,13.35,15.62,9.05
Camutanga (PE),16.89,13.42,12.61,13.35,15.62,9.05
Camutanga (PE),16.89,13.42,12.61,13.35,15.62,9.05
Camutanga (PE),16.89,13.42,12.61,13.35,15.62,9.05
Camutanga (PE),16.89,13.42,12.61,13.35,15.62,9.05
Camutanga (PE),16.89,13.42,12.61,13.35,15.62,9.05
Camutanga (PE),16.89,13.42,12.61,13.35,15.62,9.05
Camutanga (PE),16.89,13.42,12.61,13.35,15.62,9.05
Camutanga (PE),16.89,13.42,12.61,13.35,15.62,9.05
Camutanga (PE),16.89,13.42,12.61,13.35,15.62,9.05
Camutanga (PE),16.89,13.42,12.61,13.35,15.62,9.05
Camutanga (PE),16.89,13.42,12.61,13.35,15.62,9.05
Camutanga (PE),16.89,13.42,12.61,13.35,15.62,9.05
Camutanga (PE),16.89,13.42,12.61,13.35,15.62,9.05
Camutanga (PE),16.89,13.42,12.61,13.35,15.62,9.05
Camutanga (PE),16.89,13.42,12.61,13.35,15.62,9.05
Camutanga (PE),16.89,13.42,12.61,13.35,15.62,9.05
Camutanga (PE),16.89,13.42,12.61,13.35,15.62,9.05
Camutanga (PE),16.89,13.42,12.61,13.35,15.62,9.05
Camutanga (PE),16.89,13.42,12.61,13.35,15.62,9.05
Camutanga (PE),16.89,13.42,12.61,13.35,15.62,9.05
Camutanga (PE),16.89,13.42,12.61,13.35,15.62,9.05
Camutanga (PE),16.89,13.42,12.61,13.35,15.62,9.05
Camutanga (PE),16.89,13.42,12.61,13.35,15.62,9.05
Camutanga (PE),16.89,13.42,12.61,13.35,15.62,9.05
Camutanga (PE),16.89,13.42,12.61,13.35,15.62,9.05
Camutanga (PE),16.89,13.42,12.61,13.35,15.62,9.05
Camutanga (PE),16.89,13.42,12.61,13.35,15.62,9.05
Camutanga (PE),16.89,13.42,12.61,13.35,15.62,9.05
Camutanga (PE),16.89,13.42,12.61,13.35,15.62,9.05
Camutanga (PE),16.89,13.42,12.61,13.35,15.62,9.05
Camutanga (PE),16.89,13.42,12.61,13.35,15.62,9.05
Camutanga (PE),16.89,13.42,12.61,13.35,15.62,9.05
Camutanga (PE),16.89,13.42,12.61,13.35,15.62,9.05
Camutanga (PE),16.89,13.42,12.61,13.35,15.62,9.05
Camutanga (PE),16.89,13.42,12.61,13.35,15.62,9.05
Camutanga (PE),16.89,13.42,12.61,13.35,15.62,9.05
Camutanga (PE),16.89,13.42,12.61,13.35,15.62,9.05
Camutanga (PE),16.89,13.42,12.61,13.35,15.62,9.05
Camutanga (PE),16.89,13.42,12.61,13.35,15.62,9.05
Camutanga (PE),16.89,13.42,12.61,13.35,15.62,9.05
Camutanga (PE),16.89,13.42,12.61,13.35,15.62,9.05
Camutanga (PE),16.89,13.42,12.61,13.35,15.62,9.05
Camutanga (PE),16.89,13.42,12.61,13.35,15.62,9.05
Camutanga (PE),16.89,13.42,12.61,13.35,15.62,9.05
Camutanga (PE),16.89,13.42,12.61,13.35,15.62,9.05
Camutanga (PE),16.89,13.42,12.61,13.35,15.62,9.05
Camutanga (PE),16.89,13.42,12.61,13.35,15.62,9.05
Camutanga (PE),16.89,13.42,12.61,13.35,15.62,9.05
Camutanga (PE),16.89,13.42,12.61,13.35,15.62,9.05
Camutanga (PE),16.89,13.42,12.61,13.35,15.62,9.05
Camutanga (PE),16.89,13.42,12.61,13.35,15.62,9.05
Camutanga (PE),16.89,13.42,12.61,13.35,15.62,9.05
Camutanga (PE),16.89,13.42,12.61,13.35,15.62,9.05
Camutanga (PE),16.89,13.42,12.61,13.35,15.62,9.05
Camutanga (PE),16.89,13.42,12.61,13.35,15.62,9.05
Camutanga (PE),16.89,13.42,12.61,13.35,15.62,9.05
Camutanga (PE),16.89,13.42,12.61,13.35,15.62,9.05
Camutanga (PE),16.89,13.42,12.61,13.35,15.62,9.05
Camutanga (PE),16.89,13.42,12.61,13.35,15.62,9.05
Camutanga (PE),16.89,13.42,12.61,13.35,15.62,9.05
Camutanga (PE),16.89,13.42,12.61,13.35,15.62,9.05
Camutanga (PE),16.89,13.42,12.61,13.35,15.62,9.05
Camutanga (PE),16.89,13.42,12.61,13.35,15.62,9.05
Camutanga (PE),16.89,13.42,12.61,13.35,15.62,9.05
Camutanga (PE),16.89,13.42,12.61,13.35,15.62,9.05
Camutanga (PE),16.89,13.42,12.61,13.35,15.62,9.05
Camutanga (PE),16.89,13.42,12.61,13.35,15.62,9.05
Camutanga (PE),16.89,13.42,12.61,13.35,15.62,9.05
Camutanga (PE),16.89,13.42,12.61,13.35,15.62,9.05
Camutanga (PE),16.89,13.42,12.61,13.35,15.62,9.05
Camutanga (PE),16.89,13.42,12.61,13.35,15.62,9.05
Camutanga (PE),16.89,13.42,12.61,13.35,15.62,9.05
Camutanga (PE),16.89,13.42,12.61,13.35,15.62,9.05
Camutanga (PE),16.89,13.42,12.61,13.35,15.62,9.05
Camutanga (PE),16.89,13.42,12.61,13.35,15.62,9.05
Camutanga (PE),16.89,13.42,12.61,13.35,15.62,9.05
Camutanga (PE),16.89,13.42,12.61,13.35,15.62,9.05
Camutanga (PE),16.89,13.42,12.61,13.35,15.62,9.05
Camutanga (PE),16.89,13.42,12.61,13.35,15.62,9.05
Camutanga (PE),16.89,13.42,12.61,13.35,15.62,9.05
Camutanga (PE),16.89,13.42,12.61,13.35,15.62,9.05
Camutanga (PE),16.89,13.42,12.61,13.35,15.62,9.05
Camutanga (PE),16.89,13.42,12.61,13.35,15.62,9.05
Camutanga (PE),16.89,13.42,12.61,13.35,15.62,9.05
Camutanga (PE),16.89,13.42,12.61,13.35,15.62,9.05
Camutanga (PE),16.89,13.42,12.61,13.35,15.62,9.05
Camutanga (PE),16.89,13.42,12.61,13.35,15.62,9.05
Camutanga (PE),16.89,13.42,12.61,13.35,15.62,9.05
Camutanga (PE),16.89,13.42,12.61,13.35,15.62,9.05
Camutanga (PE),16.89,13.42,12.61,13.35,15.62,9.05
Camutanga (PE),16.89,13.42,12.61,13.35,15.62,9.05
Camutanga (PE),16.89,13.42,12.61,13.35,15.62,9.05
Camutanga (PE),16.89,13.42,12.61,13.35,15.62,9.05
Camutanga (PE),16.89,13.42,12.61,13.35,15.62,9.05
Camutanga (PE),16.89,13.42,12.61,13.35,15.62,9.05
Camutanga (PE),16.89,13.42,12.61,13.35,15.62,9.05
Camutanga (PE),16.89,13.42,12.61,13.35,15.62,9.05
Camutanga (PE),16.89,13.42,12.61,13.35,15.62,9.05
Camutanga (PE),16.89,13.42,12.61,13.35,15.62,9.05
Camutanga (PE),16.89,13.42,12.61,13.35,15.62,9.05
Camutanga (PE),16.89,13.42,12.61,13.35,15.62,9.05
Camutanga (PE),16.89,13.42,12.61,13.35,15.62,9.05
Camutanga (PE),16.89,13.42,12.61,13.35,15.62,9.05
Camutanga (PE),16.89,13.42,12.61,13.35,15.62,9.05
Camutanga (PE),16.89,13.42,12.61,13.35,15.62,9.05
Camutanga (PE),16.89,13.42,12.61,13.35,15.62,9.05
Camutanga (PE),16.89,13.42,12.61,13.35,15.62,9.05
Camutanga (PE),16.89,13.42,12.61,13.35,15.62,9.05
Camutanga (PE),16.89,13.42,12.61,13.35,15.62,9.05
Camutanga (PE),16.89,13.42,12.61,13.35,15.62,9.05
Camutanga (PE),16.89,13.42,12.61,13.35,15.62,9.05
Camutanga (PE),16.89,13.42,12.61,13.35,15.62,9.05
Camutanga (PE),16.89,13.42,12.61,13.35,15.62,9.05
Camutanga (PE),16.89,13.42,12.61,13.35,15.62,9.05
Camutanga (PE),16.89,13.42,12.61,13.35,15.62,9.05
Camutanga (PE),16.89,13.42,12.61,13.35,15.62,9.05
Camutanga (PE),16.89,13.42,12.61,13.35,15.62,9.05
Camutanga (PE),16.89,13.42,12.61,13.35,15.62,9.05
Camutanga (PE),16.89,13.42,12.61,13.35,15.62,9.05
Camutanga (PE),16.89,13.42,12.61,13.35,15.62,9.05
Camutanga (PE),16.89,13.42,12.61,13.35,15.62,9.05
Camutanga (PE),16.89,13.42,12.61,13.35,15.62,9.05
Camutanga (PE),16.89,13.42,12.61,13.35,15.62,9.05
Camutanga (PE),16.89,13.42,12.61,13.35,15.62,9.05
Camutanga (PE),16.89,13.42,12.61,13.35,15.62,9.05
Camutanga (PE),16.89,13.42,12.61,13.35,15.62,9.05
Camutanga (PE),16.89,13.42,12.61,13.35,15.62,9.05
Camutanga (PE),16.89,13.42,12.61,13.35,15.62,9.05
Camutanga (PE),16.89,13.42,12.61,13.35,15.62,9.05
Camutanga (PE),16.89,13.42,12.61,13.35,15.62,9.05
Camutanga (PE),16.89,13.42,12.61,13.35,15.62,9.05
Camutanga (PE),16.89,13.42,12.61,13.35,15.62,9.05
Camutanga (PE),16.89,13.42,12.61,13.35,15.62,9.05
Camutanga (PE),16.89,13.42,12.61,13.35,15.62,9.05
Camutanga (PE),16.89,13.42,12.61,13.35,15.62,9.05
Camutanga (PE),16.89,13.42,12.61,13.35,15.62,9.05
Camutanga (PE),16.89,13.42,12.61,13.35,15.62,9.05
Camutanga (PE),16.89,13.42,12.61,13.35,15.62,9.05
Camutanga (PE),16.89,13.42,12.61,13.35,15.62,9.05
Camutanga (PE),16.89,13.42,12.61,13.35,15.62,9.05
Camutanga (PE),16.89,13.42,12.61,13.35,15.62,9.05
Camutanga (PE),16.89,13.42,12.61,13.35,15.62,9.05
Camutanga (PE),16.89,13.42,12.61,13.35,15.62,9.05
Camutanga (PE),16.89,13.42,12.61,13.35,15.62,9.05
Camutanga (PE),16.89,13.42,12.61,13.35,15.62,9.05
Camutanga (PE),16.89,13.42,12.61,13.35,15.62,9.05
Camutanga (PE),16.89,13.42,12.61,13.35,15.62,9.05
Camutanga (PE),16.89,13.42,12.61,13.35,15.62,9.05
Camutanga (PE),16.89,13.42,12.61,13.35,15.62,9.05
Camutanga (PE),16.89,13.42,12.61,13.35,15.62,9.05
Camutanga (PE),16.89,13.42,12.61,13.35,15.62,9.05
Camutanga (PE),16.89,13.42,12.61,13.35,15.62,9.05
Camutanga (PE),16.89,13.42,12.61,13.35,15.62,9.05
Camutanga (PE),16.89,13.42,12.61,13.35,15.62,9.05
Camutanga (PE),16.89,13.42,12.61,13.35,15.62,9.05
Camutanga (PE),16.89,13.42,12.61,13.35,15.62,9.05
Camutanga (PE),16.89,13.42,12.61,13.35,15.62,9.05
Camutanga (PE),16.89,13.42,12.61,13.35,15.62,9.05
Camutanga (PE),16.89,13.42,12.61,13.35,15.62,9.05
Camutanga (PE),16.89,13.42,12.61,13.35,15.62,9.05
Camutanga (PE),16.89,13.42,12.61,13.35,15.62,9.05
Camutanga (PE),16.89,13.42,12.61,13.35,15.62,9.05
Camutanga (PE),16.89,13.42,12.61,13.35,15.62,9.05
Camutanga (PE),16.89,13.42,12.61,13.35,15.62,9.05
Camutanga (PE),16.89,13.42,12.61,13.35,15.62,9.05
Camutanga (PE),16.89,13.42,12.61,13.35,15.62,9.05
Camutanga (PE),16.89,13.42,12.61,13.35,15.62,9.05
Camutanga (PE),16.89,13.42,12.61,13.35,15.62,9.05
Camutanga (PE),16.89,13.42,12.61,13.35,15.62,9.05
Camutanga (PE),16.89,13.42,12.61,13.35,15.62,9.05
Camutanga (PE),16.89,13.42,12.61,13.35,15.62,9.05
Camutanga (PE),16.89,13.42,12.61,13.35,15.62,9.05
Camutanga (PE),16.89,13.42,12.61,13.35,15.62,9.05
Camutanga (PE),16.89,13.42,12.61,13.35,15.62,9.05
Camutanga (PE),16.89,13.42,12.61,13.35,15.62,9.05
Camutanga (PE),16.89,13.42,12.61,13.35,15.62,9.05
Camutanga (PE),16.89,13.42,12.61,13.35,15.62,9.05
Camutanga (PE),16.89,13.42,12.61,13.35,15.62,9.05
Camutanga (PE),16.89,13.42,12.61,13.35,15.62,9.05
Camutanga (PE),16.89,13.42,12.61,13.35,15.62,9.05
Camutanga (PE),16.89,13.42,12.61,13.35,15.62,9.05
Camutanga (PE),16.89,13.42,12.61,13.35,15.62,9.05
Camutanga (PE),16.89,13.42,12.61,13.35,15.62,9.05
Camutanga (PE),16.89,13.42,12.61,13.35,15.62,9.05
Camutanga (PE),16.89,13.42,12.61,13.35,15.62,9.05
Camutanga (PE),16.89,13.42,12.61,13.35,15.62,9.05
Camutanga (PE),16.89,13.42,12.61,13.35,15.62,9.05
Camutanga (PE),16.89,13.42,12.61,13.35,15.62,9.05
Camutanga (PE),16.89,13.42,12.61,13.35,15.62,9.05
Camutanga (PE),16.89,13.42,12.61,13.35,15.62,9.05
Camutanga (PE),16.89,13.42,12.61,13.35,15.62,9.05
Camutanga (PE),16.89,13.42,12.61,13.35,15.62,9.05
Camutanga (PE),16.89,13.42,12.61,13.35,15.62,9.05
Camutanga (PE),16.89,13.42,12.61,13.35,15.62,9.05
Camutanga (PE),16.89,13.42,12.61,13.35,15.62,9.05
Camutanga (PE),16.89,13.42,12.61,13.35,15.62,9.05
Camutanga (PE),16.89,13.42,12.61,13.35,15.62,9.05
Camutanga (PE),16.89,13.42,12.61,13.35,15.62,9.05
Camutanga (PE),16.89,13.42,12.61,13.35,15.62,9.05
Camutanga (PE),16.89,13.42,12.61,13.35,15.62,9.05
Camutanga (PE),16.89,13.42,12.61,13.35,15.62,9.05
Camutanga (PE),16.89,13.42,12.61,13.35,15.62,9.05
Camutanga (PE),16.89,13.42,12.61,13.35,15.62,9.05
Camutanga (PE),16.89,13.42,12.61,13.35,15.62,9.05
Camutanga (PE),16.89,13.42,12.61,13.35,15.62,9.05
Camutanga (PE),16.89,13.42,12.61,13.35,15.62,9.05
Camutanga (PE),16.89,13.42,12.61,13.35,15.62,9.05
Camutanga (PE),16.89,13.42,12.61,13.35,15.62,9.05
Camutanga (PE),16.89,13.42,12.61,13.35,15.62,9.05
Camutanga (PE),16.89,13.42,12.61,13.35,15.62,9.05
Camutanga (PE),16.89,13.42,12.61,13.35,15.62,9.05
Camutanga (PE),16.89,13.42,12.61,13.35,15.62,9.05
Camutanga (PE),16.89,13.42,12.61,13.35,15.62,9.05
Camutanga (PE),16.89,13.42,12.61,13.35,15.62,9.05
Camutanga (PE),16.89,13.42,12.61,13.35,15.62,9.05
Camutanga (PE),16.89,13.42,12.61,13.35,15.62,9.05
Camutanga (PE),16.89,13.42,12.61,13.35,15.62,9.05
Camutanga (PE),16.89,13.42,12.61,13.35,15.62,9.05
Camutanga (PE),16.89,13.42,12.61,13.35,15.62,9.05
Camutanga (PE),16.89,13.42,12.61,13.35,15.62,9.05
Camutanga (PE),16.89,13.42,12.61,13.35,15.62,9.05
Camutanga (PE),16.89,13.42,12.61,13.35,15.62,9.05
Camutanga (PE),16.89,13.42,12.61,13.35,15.62,9.05
Camutanga (PE),16.89,13.42,12.61,13.35,15.62,9.05
Camutanga (PE),16.89,13.42,12.61,13.35,15.62,9.05
Camutanga (PE),16.89,13.42,12.61,13.35,15.62,9.05
Camutanga (PE),16.89,13.42,12.61,13.35,15.62,9.05
Camutanga (PE),16.89,13.42,12.61,13.35,15.62,9.05
Camutanga (PE),16.89,13.42,12.61,13.35,15.62,9.05
Camutanga (PE),16.89,13.42,12.61,13.35,15.62,9.05
Camutanga (PE),16.89,13.42,12.61,13.35,15.62,9.05
Camutanga (PE),16.89,13.42,12.61,13.35,15.62,9.05
Camutanga (PE),16.89,13.42,12.61,13.35,15.62,9.05
Camutanga (PE),16.89,13.42,12.61,13.35,15.62,9.05
Camutanga (PE),16.89,13.42,12.61,13.35,15.62,9.05
Camutanga (PE),16.89,13.42,12.61,13.35,15.62,9.05
Camutanga (PE),16.89,13.42,12.61,13.35,15.62,9.05
Camutanga (PE),16.89,13.42,12.61,13.35,15.62,9.05
Camutanga (PE),16.89,13.42,12.61,13.35,15.62,9.05
Camutanga (PE),16.89,13.42,12.61,13.35,15.62,9.05
Camutanga (PE),16.89,13.42,12.61,13.35,15.62,9.05
Camutanga (PE),16.89,13.42,12.61,13.35,15.62,9.05
Camutanga (PE),16.89,13.42,12.61,13.35,15.62,9.05
Camutanga (PE),16.89,13.42,12.61,13.35,15.62,9.05
Camutanga (PE),16.89,13.42,12.61,13.35,15.62,9.05
Camutanga (PE),16.89,13.42,12.61,13.35,15.62,9.05
Camutanga (PE),16.89,13.42,12.61,13.35,15.62,9.05
Camutanga (PE),16.89,13.42,12.61,13.35,15.62,9.05
Camutanga (PE),16.89,13.42,12.61,13.35,15.62,9.05
Camutanga (PE),16.89,13.42,12.61,13.35,15.62,9.05
Camutanga (PE),16.89,13.42,12.61,13.35,15.62,9.05
Camutanga (PE),16.89,13.42,12.61,13.35,15.62,9.05
Camutanga (PE),16.89,13.42,12.61,13.35,15.62,9.05
Camutanga (PE),16.89,13.42,12.61,13.35,15.62,9.05
Camutanga (PE),16.89,13.42,12.61,13.35,15.62,9.05
Camutanga (PE),16.89,13.42,12.61,13.35,15.62,9.05
Camutanga (PE),16.89,13.42,12.61,13.35,15.62,9.05
Camutanga (PE),16.89,13.42,12.61,13.35,15.62,9.05
Camutanga (PE),16.89,13.42,12.61,13.35,15.62,9.05
Camutanga (PE),16.89,13.42,12.61,13.35,15.62,9.05
Camutanga (PE),16.89,13.42,12.61,13.35,15.62,9.05
Camutanga (PE),16.89,13.42,12.61,13.35,15.62,9.05
Camutanga (PE),16.89,13.42,12.61,13.35,15.62,9.05
Camutanga (PE),16.89,13.42,12.61,13.35,15.62,9.05
Camutanga (PE),16.89,13.42,12.61,13.35,15.62,9.05
Camutanga (PE),16.89,13.42,12.61,13.35,15.62,9.05
Camutanga (PE),16.89,13.42,12.61,13.35,15.62,9.05
Camutanga (PE),16.89,13.42,12.61,13.35,15.62,9.05
Camutanga (PE),16.89,13.42,12.61,13.35,15.62,9.05
Camutanga (PE),16.89,13.42,12.61,13.35,15.62,9.05
Camutanga (PE),16.89,13.42,12.61,13.35,15.62,9.05
Camutanga (PE),16.89,13.42,12.61,13.35,15.62,9.05
Camutanga (PE),16.89,13.42,12.61,13.35,15.62,9.05
Camutanga (PE),16.89,13.42,12.61,13.35,15.62,9.05
Camutanga (PE),16.89,13.42,12.61,13.35,15.62,9.05
Camutanga (PE),16.89,13.42,12.61,13.35,15.62,9.05
Camutanga (PE),16.89,13.42,12.61,13.35,15.62,9.05
Camutanga (PE),16.89,13.42,12.61,13.35,15.62,9.05
Camutanga (PE),16.89,13.42,12.61,13.35,15.62,9.05
Camutanga (PE),16.89,13.42,12.61,13.35,15.62,9.05
Camutanga (PE),16.89,13.42,12.61,13.35,15.62,9.05
Camutanga (PE),16.89,13.42,12.61,13.35,15.62,9.05
Camutanga (PE),16.89,13.42,12.61,13.35,15.62,9.05
Camutanga (PE),16.89,13.42,12.61,13.35,15.62,9.05
Camutanga (PE),16.89,13.42,12.61,13.35,15.62,9.05
Camutanga (PE),16.89,13.42,12.61,13.35,15.62,9.05
Camutanga (PE),16.89,13.42,12.61,13.35,15.62,9.05
Camutanga (PE),16.89,13.42,12.61,13.35,15.62,9.05
Camutanga (PE),16.89,13.42,12.61,13.35,15.62,9.05
Camutanga (PE),16.89,13.42,12.61,13.35,15.62,9.05
Camutanga (PE),16.89,13.42,12.61,13.35,15.62,9.05
Camutanga (PE),16.89,13.42,12.61,13.35,15.62,9.05
Camutanga (PE),16.89,13.42,12.61,13.35,15.62,9.05
Camutanga (PE),16.89,13.42,12.61,13.35,15.62,9.05
Camutanga (PE),16.89,13.42,12.61,13.35,15.62,9.05
Camutanga (PE),16.89,13.42,12.61,13.35,15.62,9.05
Camutanga (PE),16.89,13.42,12.61,13.35,15.62,9.05
Camutanga (PE),16.89,13.42,12.61,13.35,15.62,9.05
Camutanga (PE),16.89,13.42,12.61,13.35,15.62,9.05
Camutanga (PE),16.89,13.42,12.61,13.35,15.62,9.05
Camutanga (PE),16.89,13.42,12.61,13.35,15.62,9.05
Camutanga (PE),16.89,13.42,12.61,13.35,15.62,9.05
Camutanga (PE),16.89,13.42,12.61,13.35,15.62,9.05
Camutanga (PE),16.89,13.42,12.61,13.35,15.62,9.05
Camutanga (PE),16.89,13.42,12.61,13.35,15.62,9.05
Camutanga (PE),16.89,13.42,12.61,13.35,15.62,9.05
Camutanga (PE),16.89,13.42,12.61,13.35,15.62,9.05
Camutanga (PE),16.89,13.42,12.61,13.35,15.62,9.05
Camutanga (PE),16.89,13.42,12.61,13.35,15.62,9.05
Camutanga (PE),16.89,13.42,12.61,13.35,15.62,9.05
Camutanga (PE),16.89,13.42,12.61,13.35,15.62,9.05
Camutanga (PE),16.89,13.42,12.61,13.35,15.62,9.05
Camutanga (PE),16.89,13.42,12.61,13.35,15.62,9.05
Camutanga (PE),16.89,13.42,12.61,13.35,15.62,9.05
Camutanga (PE),16.89,13.42,12.61,13.35,15.62,9.05
Camutanga (PE),16.89,13.42,12.61,13.35,15.62,9.05
Camutanga (PE),16.89,13.42,12.61,13.35,15.62,9.05
Camutanga (PE),16.89,13.42,12.61,13.35,15.62,9.05
Camutanga (PE),16.89,13.42,12.61,13.35,15.62,9.05
Camutanga (PE),16.89,13.42,12.61,13.35,15.62,9.05
Camutanga (PE),16.89,13.42,12.61,13.35,15.62,9.05
Camutanga (PE),16.89,13.42,12.61,13.35,15.62,9.05
Camutanga (PE),16.89,13.42,12.61,13.35,15.62,9.05
Camutanga (PE),16.89,13.42,12.61,13.35,15.62,9.05
Camutanga (PE),16.89,13.42,12.61,13.35,15.62,9.05
Camutanga (PE),16.89,13.42,12.61,13.35,15.62,9.05
Camutanga (PE),16.89,13.42,12.61,13.35,15.62,9.05
Camutanga (PE),16.89,13.42,12.61,13.35,15.62,9.05
Camutanga (PE),16.89,13.42,12.61,13.35,15.62,9.05
Camutanga (PE),16.89,13.42,12.61,13.35,15.62,9.05
Camutanga (PE),16.89,13.42,12.61,13.35,15.62,9.05
Camutanga (PE),16.89,13.42,12.61,13.35,15.62,9.05
Camutanga (PE),16.89,13.42,12.61,13.35,15.62,9.05
Camutanga (PE),16.89,13.42,12.61,13.35,15.62,9.05
Camutanga (PE),16.89,13.42,12.61,13.35,15.62,9.05
Camutanga (PE),16.89,13.42,12.61,13.35,15.62,9.05
Camutanga (PE),16.89,13.42,12.61,13.35,15.62,9.05
Camutanga (PE),16.89,13.42,12.61,13.35,15.62,9.05
Camutanga (PE),16.89,13.42,12.61,13.35,15.62,9.05
Camutanga (PE),16.89,13.42,12.61,13.35,15.62,9.05
Camutanga (PE),16.89,13.42,12.61,13.35,15.62,9.05
Camutanga (PE),16.89,13.42,12.61,13.35,15.62,9.05
Camutanga (PE),16.89,13.42,12.61,13.35,15.62,9.05
Camutanga (PE),16.89,13.42,12.61,13.35,15.62,9.05
Camutanga (PE),16.89,13.42,12.61,13.35,15.62,9.05
Camutanga (PE),16.89,13.42,12.61,13.35,15.62,9.05
Camutanga (PE),16.89,13.42,12.61,13.35,15.62,9.05
Camutanga (PE),16.89,13.42,12.61,13.35,15.62,9.05
Camutanga (PE),16.89,13.42,12.61,13.35,15.62,9.05
Camutanga (PE),16.89,13.42,12.61,13.35,15.62,9.05
Camutanga (PE),16.89,13.42,12.61,13.35,15.62,9.05
Camutanga (PE),16.89,13.42,12.61,13.35,15.62,9.05
Camutanga (PE),16.89,13.42,12.61,13.35,15.62,9.05
Camutanga (PE),16.89,13.42,12.61,13.35,15.62,9.05
Camutanga (PE),16.89,13.42,12.61,13.35,15.62,9.05
Camutanga (PE),16.89,13.42,12.61,13.35,15.62,9.05
Camutanga (PE),16.89,13.42,12.61,13.35,15.62,9.05
Camutanga (PE),16.89,13.42,12.61,13.35,15.62,9.05
Camutanga (PE),16.89,13.42,12.61,13.35,15.62,9.05
Camutanga (PE),16.89,13.42,12.61,13.35,15.62,9.05
Camutanga (PE),16.89,13.42,12.61,13.35,15.62,9.05
Camutanga (PE),16.89,13.42,12.61,13.35,15.62,9.05
Camutanga (PE),16.89,13.42,12.61,13.35,15.62,9.05
Camutanga (PE),16.89,13.42,12.61,13.35,15.62,9.05
Camutanga (PE),16.89,13.42,12.61,13.35,15.62,9.05
Camutanga (PE),16.89,13.42,12.61,13.35,15.62,9.05
Camutanga (PE),16.89,13.42,12.61,13.35,15.62,9.05
Camutanga (PE),16.89,13.42,12.61,13.35,15.62,9.05
Camutanga (PE),16.89,13.42,12.61,13.35,15.62,9.05
Camutanga (PE),16.89,13.42,12.61,13.35,15.62,9.05
Camutanga (PE),16.89,13.42,12.61,13.35,15.62,9.05
Camutanga (PE),16.89,13.42,12.61,13.35,15.62,9.05
Camutanga (PE),16.89,13.42,12.61,13.35,15.62,9.05
Camutanga (PE),16.89,13.42,12.61,13.35,15.62,9.05
Camutanga (PE),16.89,13.42,12.61,13.35,15.62,9.05
Camutanga (PE),16.89,13.42,12.61,13.35,15.62,9.05
Camutanga (PE),16.89,13.42,12.61,13.35,15.62,9.05
Camutanga (PE),16.89,13.42,12.61,13.35,15.62,9.05
Camutanga (PE),16.89,13.42,12.61,13.35,15.62,9.05
Camutanga (PE),16.89,13.42,12.61,13.35,15.62,9.05
Camutanga (PE),16.89,13.42,12.61,13.35,15.62,9.05
Camutanga (PE),16.89,13.42,12.61,13.35,15.62,9.05
Camutanga (PE),16.89,13.42,12.61,13.35,15.62,9.05
Camutanga (PE),16.89,13.42,12.61,13.35,15.62,9.05
Camutanga (PE),16.89,13.42,12.61,13.35,15.62,9.05
Camutanga (PE),16.89,13.42,12.61,13.35,15.62,9.05
Camutanga (PE),16.89,13.42,12.61,13.35,15.62,9.05
Camutanga (PE),16.89,13.42,12.61,13.35,15.62,9.05
Camutanga (PE),16.89,13.42,12.61,13.35,15.62,9.05
Camutanga (PE),16.89,13.42,12.61,13.35,15.62,9.05
Camutanga (PE),16.89,13.42,12.61,13.35,15.62,9.05
Camutanga (PE),16.89,13.42,12.61,13.35,15.62,9.05
Camutanga (PE),16.89,13.42,12.61,13.35,15.62,9.05
Camutanga (PE),16.89,13.42,12.61,13.35,15.62,9.05
Camutanga (PE),16.89,13.42,12.61,13.35,15.62,9.05
Camutanga (PE),16.89,13.42,12.61,13.35,15.62,9.05
Camutanga (PE),16.89,13.42,12.61,13.35,15.62,9.05
Camutanga (PE),16.89,13.42,12.61,13.35,15.62,9.05
Camutanga (PE),16.89,13.42,12.61,13.35,15.62,9.05
Camutanga (PE),16.89,13.42,12.61,13.35,15.62,9.05
Camutanga (PE),16.89,13.42,12.61,13.35,15.62,9.05
Camutanga (PE),16.89,13.42,12.61,13.35,15.62,9.05
Camutanga (PE),16.89,13.42,12.61,13.35,15.62,9.05
Camutanga (PE),16.89,13.42,12.61,13.35,15.62,9.05
Camutanga (PE),16.89,13.42,12.61,13.35,15.62,9.05
Camutanga (PE),16.89,13.42,12.61,13.35,15.62,9.05
Camutanga (PE),16.89,13.42,12.61,13.35,15.62,9.05
Camutanga (PE),16.89,13.42,12.61,13.35,15.62,9.05
Camutanga (PE),16.89,13.42,12.61,13.35,15.62,9.05
Camutanga (PE),16.89,13.42,12.61,13.35,15.62,9.05
Camutanga (PE),16.89,13.42,12.61,13.35,15.62,9.05
Camutanga (PE),16.89,13.42,12.61,13.35,15.62,9.05
Camutanga (PE),16.89,13.42,12.61,13.35,15.62,9.05
Camutanga (PE),16.89,13.42,12.61,13.35,15.62,9.05
Camutanga (PE),16.89,13.42,12.61,13.35,15.62,9.05
Camutanga (PE),16.89,13.42,12.61,13.35,15.62,9.05
Camutanga (PE),16.89,13.42,12.61,13.35,15.62,9.05
Camutanga (PE),16.89,13.42,12.61,13.35,15.62,9.05
Camutanga (PE),16.89,13.42,12.61,13.35,15.62,9.05
Camutanga (PE),16.89,13.42,12.61,13.35,15.62,9.05
Camutanga (PE),16.89,13.42,12.61,13.35,15.62,9.05
Camutanga (PE),16.89,13.42,12.61,13.35,15.62,9.05
Camutanga (PE),16.89,13.42,12.61,13.35,15.62,9.05
Camutanga (PE),16.89,13.42,12.61,13.35,15.62,9.05
Camutanga (PE),16.89,13.42,12.61,13.35,15.62,9.05
Camutanga (PE),16.89,13.42,12.61,13.35,15.62,9.05
Camutanga (PE),16.89,13.42,12.61,13.35,15.62,9.05
Camutanga (PE),16.89,13.42,12.61,13.35,15.62,9.05
Camutanga (PE),16.89,13.42,12.61,13.35,15.62,9.05
Camutanga (PE),16.89,13.42,12.61,13.35,15.62,9.05
Camutanga (PE),16.89,13.42,12.61,13.35,15.62,9.05
Camutanga (PE),16.89,13.42,12.61,13.35,15.62,9.05
Camutanga (PE),16.89,13.42,12.61,13.35,15.62,9.05
Camutanga (PE),16.89,13.42,12.61,13.35,15.62,9.05
Camutanga (PE),16.89,13.42,12.61,13.35,15.62,9.05
Camutanga (PE),16.89,13.42,12.61,13.35,15.62,9.05
Camutanga (PE),16.89,13.42,12.61,13.35,15.62,9.05
Camutanga (PE),16.89,13.42,12.61,13.35,15.62,9.05
Camutanga (PE),16.89,13.42,12.61,13.35,15.62,9.05
Camutanga (PE),16.89,13.42,12.61,13.35,15.62,9.05
Camutanga (PE),16.89,13.42,12.61,13.35,15.62,9.05
Camutanga (PE),16.89,13.42,12.61,13.35,15.62,9.05
Camutanga (PE),16.89,13.42,12.61,13.35,15.62,9.05
Camutanga (PE),16.89,13.42,12.61,13.35,15.62,9.05
Camutanga (PE),16.89,13.42,12.61,13.35,15.62,9.05
Camutanga (PE),16.89,13.42,12.61,13.35,15.62,9.05
Camutanga (PE),16.89,13.42,12.61,13.35,15.62,9.05
Camutanga (PE),16.89,13.42,12.61,13.35,15.62,9.05
Camutanga (PE),16.89,13.42,12.61,13.35,15.62,9.05
Camutanga (PE),16.89,13.42,12.61,13.35,15.62,9.05
Camutanga (PE),16.89,13.42,12.61,13.35,15.62,9.05
Camutanga (PE),16.89,13.42,12.61,13.35,15.62,9.05
Camutanga (PE),16.89,13.42,12.61,13.35,15.62,9.05
Camutanga (PE),16.89,13.42,12.61,13.35,15.62,9.05
Camutanga (PE),16.89,13.42,12.61,13.35,15.62,9.05
Camutanga (PE),16.89,13.42,12.61,13.35,15.62,9.05
Camutanga (PE),16.89,13.42,12.61,13.35,15.62,9.05
Camutanga (PE),16.89,13.42,12.61,13.35,15.62,9.05
Camutanga (PE),16.89,13.42,12.61,13.35,15.62,9.05
Camutanga (PE),16.89,13.42,12.61,13.35,15.62,9.05
Camutanga (PE),16.89,13.42,12.61,13.35,15.62,9.05
Camutanga (PE),16.89,13.42,12.61,13.35,15.62,9.05
Camutanga (PE),16.89,13.42,12.61,13.35,15.62,9.05
Camutanga (PE),16.89,13.42,12.61,13.35,15.62,9.05
Camutanga (PE),16.89,13.42,12.61,13.35,15.62,9.05
Camutanga (PE),16.89,13.42,12.61,13.35,15.62,9.05
Camutanga (PE),16.89,13.42,12.61,13.35,15.62,9.05
Camutanga (PE),16.89,13.42,12.61,13.35,15.62,9.05
Camutanga (PE),16.89,13.42,12.61,13.35,15.62,9.05
Camutanga (PE),16.89,13.42,12.61,13.35,15.62,9.05
Camutanga (PE),16.89,13.42,12.61,13.35,15.62,9.05
Camutanga (PE),16.89,13.42,12.61,13.35,15.62,9.05
Camutanga (PE),16.89,13.42,12.61,13.35,15.62,9.05
Camutanga (PE),16.89,13.42,12.61,13.35,15.62,9.05
Camutanga (PE),16.89,13.42,12.61,13.35,15.62,9.05
Camutanga (PE),16.89,13.42,12.61,13.35,15.62,9.05
Camutanga (PE),16.89,13.42,12.61,13.35,15.62,9.05
Camutanga (PE),16.89,13.42,12.61,13.35,15.62,9.05
Camutanga (PE),16.89,13.42,12.61,13.35,15.62,9.05
Camutanga (PE),16.89,13.42,12.61,13.35,15.62,9.05
Camutanga (PE),16.89,13.42,12.61,13.35,15.62,9.05
Camutanga (PE),16.89,13.42,12.61,13.35,15.62,9.05
Camutanga (PE),16.89,13.42,12.61,13.35,15.62,9.05
Camutanga (PE),16.89,13.42,12.61,13.35,15.62,9.05
Camutanga (PE),16.89,13.42,12.61,13.35,15.62,9.05
Camutanga (PE),16.89,13.42,12.61,13.35,15.62,9.05
Camutanga (PE),16.89,13.42,12.61,13.35,15.62,9.05
Camutanga (PE),16.89,13.42,12.61,13.35,15.62,9.05
Camutanga (PE),16.89,13.42,12.61,13.35,15.62,9.05
Camutanga (PE),16.89,13.42,12.61,13.35,15.62,9.05
Camutanga (PE),16.89,13.42,12.61,13.35,15.62,9.05
Camutanga (PE),16.89,13.42,12.61,13.35,15.62,9.05
Camutanga (PE),16.89,13.42,12.61,13.35,15.62,9.05
Camutanga (PE),16.89,13.42,12.61,13.35,15.62,9.05
Camutanga (PE),16.89,13.42,12.61,13.35,15.62,9.05
Camutanga (PE),16.89,13.42,12.61,13.35,15.62,9.05
Camutanga (PE),16.89,13.42,12.61,13.35,15.62,9.05
Camutanga (PE),16.89,13.42,12.61,13.35,15.62,9.05
Camutanga (PE),16.89,13.42,12.61,13.35,15.62,9.05
Camutanga (PE),16.89,13.42,12.61,13.35,15.62,9.05
Camutanga (PE),16.89,13.42,12.61,13.35,15.62,9.05
Camutanga (PE),16.89,13.42,12.61,13.35,15.62,9.05
Camutanga (PE),16.89,13.42,12.61,13.35,15.62,9.05
Camutanga (PE),16.89,13.42,12.61,13.35,15.62,9.05
Camutanga (PE),16.89,13.42,12.61,13.35,15.62,9.05
Camutanga (PE),16.89,13.42,12.61,13.35,15.62,9.05
Camutanga (PE),16.89,13.42,12.61,13.35,15.62,9.05
Camutanga (PE),16.89,13.42,12.61,13.35,15.62,9.05
Camutanga (PE),16.89,13.42,12.61,13.35,15.62,9.05
Camutanga (PE),16.89,13.42,12.61,13.35,15.62,9.05
Camutanga (PE),16.89,13.42,12.61,13.35,15.62,9.05
Camutanga (PE),16.89,13.42,12.61,13.35,15.62,9.05
Camutanga (PE),16.89,13.42,12.61,13.35,15.62,9.05
Camutanga (PE),16.89,13.42,12.61,13.35,15.62,9.05
Camutanga (PE),16.89,13.42,12.61,13.35,15.62,9.05
Camutanga (PE),16.89,13.42,12.61,13.35,15.62,9.05
Camutanga (PE),16.89,13.42,12.61,13.35,15.62,9.05
Camutanga (PE),16.89,13.42,12.61,13.35,15.62,9.05
Camutanga (PE),16.89,13.42,12.61,13.35,15.62,9.05
Camutanga (PE),16.89,13.42,12.61,13.35,15.62,9.05
Camutanga (PE),16.89,13.42,12.61,13.35,15.62,9.05
Camutanga (PE),16.89,13.42,12.61,13.35,15.62,9.05
Camutanga (PE),16.89,13.42,12.61,13.35,15.62,9.05
Camutanga (PE),16.89,13.42,12.61,13.35,15.62,9.05
Camutanga (PE),16.89,13.42,12.61,13.35,15.62,9.05
Camutanga (PE),16.89,13.42,12.61,13.35,15.62,9.05
Camutanga (PE),16.89,13.42,12.61,13.35,15.62,9.05
Camutanga (PE),16.89,13.42,12.61,13.35,15.62,9.05
Camutanga (PE),16.89,13.42,12.61,13.35,15.62,9.05
Camutanga (PE),16.89,13.42,12.61,13.35,15.62,9.05
Camutanga (PE),16.89,13.42,12.61,13.35,15.62,9.05
Camutanga (PE),16.89,13.42,12.61,13.35,15.62,9.05
Camutanga (PE),16.89,13.42,12.61,13.35,15.62,9.05
Camutanga (PE),16.89,13.42,12.61,13.35,15.62,9.05
Camutanga (PE),16.89,13.42,12.61,13.35,15.62,9.05
Camutanga (PE),16.89,13.42,12.61,13.35,15.62,9.05
Camutanga (PE),16.89,13.42,12.61,13.35,15.62,9.05
Camutanga (PE),16.89,13.42,12.61,13.35,15.62,9.05
Camutanga (PE),16.89,13.42,12.61,13.35,15.62,9.05
Camutanga (PE),16.89,13.42,12.61,13.35,15.62,9.05
Camutanga (PE),16.89,13.42,12.61,13.35,15.62,9.05
Camutanga (PE),16.89,13.42,12.61,13.35,15.62,9.05
Camutanga (PE),16.89,13.42,12.61,13.35,15.62,9.05
Camutanga (PE),16.89,13.42,12.61,13.35,15.62,9.05
Camutanga (PE),16.89,13.42,12.61,13.35,15.62,9.05
Camutanga (PE),16.89,13.42,12.61,13.35,15.62,9.05
Camutanga (PE),16.89,13.42,12.61,13.35,15.62,9.05
Camutanga (PE),16.89,13.42,12.61,13.35,15.62,9.05
Camutanga (PE),16.89,13.42,12.61,13.35,15.62,9.05
Camutanga (PE),16.89,13.42,12.61,13.35,15.62,9.05
Camutanga (PE),16.89,13.42,12.61,13.35,15.62,9.05
Camutanga (PE),16.89,13.42,12.61,13.35,15.62,9.05
Camutanga (PE),16.89,13.42,12.61,13.35,15.62,9.05
Camutanga (PE),16.89,13.42,12.61,13.35,15.62,9.05
Camutanga (PE),16.89,13.42,12.61,13.35,15.62,9.05
Camutanga (PE),16.89,13.42,12.61,13.35,15.62,9.05
Camutanga (PE),16.89,13.42,12.61,13.35,15.62,9.05
Camutanga (PE),16.89,13.42,12.61,13.35,15.62,9.05
Camutanga (PE),16.89,13.42,12.61,13.35,15.62,9.05
Camutanga (PE),16.89,13.42,12.61,13.35,15.62,9.05
Camutanga (PE),16.89,13.42,12.61,13.35,15.62,9.05
Camutanga (PE),16.89,13.42,12.61,13.35,15.62,9.05
Camutanga (PE),16.89,13.42,12.61,13.35,15.62,9.05
Camutanga (PE),16.89,13.42,12.61,13.35,15.62,9.05
Camutanga (PE),16.89,13.42,12.61,13.35,15.62,9.05
Camutanga (PE),16.89,13.42,12.61,13.35,15.62,9.05
Camutanga (PE),16.89,13.42,12.61,13.35,15.62,9.05
Camutanga (PE),16.89,13.42,12.61,13.35,15.62,9.05
Camutanga (PE),16.89,13.42,12.61,13.35,15.62,9.05
Camutanga (PE),16.89,13.42,12.61,13.35,15.62,9.05
Camutanga (PE),16.89,13.42,12.61,13.35,15.62,9.05
Camutanga (PE),16.89,13.42,12.61,13.35,15.62,9.05
Camutanga (PE),16.89,13.42,12.61,13.35,15.62,9.05
Camutanga (PE),16.89,13.42,12.61,13.35,15.62,9.05
Camutanga (PE),16.89,13.42,12.61,13.35,15.62,9.05
Camutanga (PE),16.89,13.42,12.61,13.35,15.62,9.05
Camutanga (PE),16.89,13.42,12.61,13.35,15.62,9.05
Camutanga (PE),16.89,13.42,12.61,13.35,15.62,9.05
Camutanga (PE),16.89,13.42,12.61,13.35,15.62,9.05
Camutanga (PE),16.89,13.42,12.61,13.35,15.62,9.05
Camutanga (PE),16.89,13.42,12.61,13.35,15.62,9.05
Camutanga (PE),16.89,13.42,12.61,13.35,15.62,9.05
Camutanga (PE),16.89,13.42,12.61,13.35,15.62,9.05
Camutanga (PE),16.89,13.42,12.61,13.35,15.62,9.05
Camutanga (PE),16.89,13.42,12.61,13.35,15.62,9.05
Camutanga (PE),16.89,13.42,12.61,13.35,15.62,9.05
Camutanga (PE),16.89,13.42,12.61,13.35,15.62,9.05
Camutanga (PE),16.89,13.42,12.61,13.35,15.62,9.05
Camutanga (PE),16.89,13.42,12.61,13.35,15.62,9.05
Camutanga (PE),16.89,13.42,12.61,13.35,15.62,9.05
Camutanga (PE),16.89,13.42,12.61,13.35,15.62,9.05
Camutanga (PE),16.89,13.42,12.61,13.35,15.62,9.05
Camutanga (PE),16.89,13.42,12.61,13.35,15.62,9.05
Camutanga (PE),16.89,13.42,12.61,13.35,15.62,9.05
Camutanga (PE),16.89,13.42,12.61,13.35,15.62,9.05
Camutanga (PE),16.89,13.42,12.61,13.35,15.62,9.05
Camutanga (PE),16.89,13.42,12.61,13.35,15.62,9.05
Camutanga (PE),16.89,13.42,12.61,13.35,15.62,9.05
Camutanga (PE),16.89,13.42,12.61,13.35,15.62,9.05
Camutanga (PE),16.89,13.42,12.61,13.35,15.62,9.05
